Workbook
Name GeoRegions: #REF!
Name GeoRegions: #REF!
Name GeoRegions: #REF!
Name GeoRegions: #REF!
Name MPOField: #REF!
Name MPOField: #REF!
Name MPOField: #REF!
Name MPOField: #REF!
Name vvf: #REF!
Name vvf: #REF!
Name vvf: #REF!

Sheet EvOSys
A2: Average WeekdayBoardings by Mode/Agency
A3: Mode/Agency | C3: 2024 Modeled | D3: 2045 Modeled | E3: 2045 Growth | F3: 2050 Modeled | G3: 2050 Growth
A4: MBTA Heavy Rail | C4: 291132 | D4: ='EvO10.01-2045'!$M274 -> 362802 | E4: =(D4-C4)/C4 -> 0.24617699 | F4: ='EvO10.01-2050'!M274 -> 370339 | G4: =(F4-C4)/C4 -> 0.27206559
A5: MBTA Light Rail | C5: 115221 | D5: ='EvO10.01-2045'!$M275 -> 129932 | E5: =(D5-C5)/C5 -> 0.12767638 | F5: ='EvO10.01-2050'!M275 -> 140600 | G5: =(F5-C5)/C5 -> 0.22026367
A6: MBTA Commuter Rail | C6: 112438 | D6: ='EvO10.01-2045'!$M276 -> 179103 | E6: =(D6-C6)/C6 -> 0.59290453 | F6: ='EvO10.01-2050'!M276 -> 179697 | G6: =(F6-C6)/C6 -> 0.59818745
A7: MBTA Ferry | C7: 4999 | D7: ='EvO10.01-2045'!$M277 -> 3569 | E7: =(D7-C7)/C7 -> -0.28605721 | F7: ='EvO10.01-2050'!M277 -> 3522 | G7: =(F7-C7)/C7 -> -0.29545909
A8: MBTA Silver Line | C8: 33237 | D8: ='EvO10.01-2045'!$M278 -> 49244 | E8: =(D8-C8)/C8 -> 0.48160183 | F8: ='EvO10.01-2050'!M278 -> 49623 | G8: =(F8-C8)/C8 -> 0.49300478
A9: MBTA Bus | C9: 173337 | D9: ='EvO10.01-2045'!$M279 -> 259261 | E9: =(D9-C9)/C9 -> 0.4957049 | F9: ='EvO10.01-2050'!M279 -> 263916 | G9: =(F9-C9)/C9 -> 0.5225601
A10: MBTA Key Bus | C10: 119426 | D10: ='EvO10.01-2045'!$M280 -> 174188 | E10: =(D10-C10)/C10 -> 0.45854337 | F10: ='EvO10.01-2050'!M280 -> 182324 | G10: =(F10-C10)/C10 -> 0.52666923
A11: MBTA Express Bus | C11: 7100 | D11: ='EvO10.01-2045'!$M281 -> 6962 | E11: =(D11-C11)/C11 -> -0.01943662 | F11: ='EvO10.01-2050'!M281 -> 6955 | G11: =(F11-C11)/C11 -> -0.020422535
A12: CATA Bus | C12: 632 | D12: ='EvO10.01-2045'!$M282 -> 636 | E12: =(D12-C12)/C12 -> 0.0063291139 | F12: ='EvO10.01-2050'!M282 -> 640 | G12: =(F12-C12)/C12 -> 0.012658228
A13: MWRTA Bus | C13: 2472 | D13: ='EvO10.01-2045'!$M283 -> 2826 | E13: =(D13-C13)/C13 -> 0.14320388 | F13: ='EvO10.01-2050'!M283 -> 2833 | G13: =(F13-C13)/C13 -> 0.1460356
A14: MVRTA Bus | C14: 7461 | D14: ='EvO10.01-2045'!$M284 -> 8230 | E14: =(D14-C14)/C14 -> 0.10306929 | F14: ='EvO10.01-2050'!M284 -> 8315 | G14: =(F14-C14)/C14 -> 0.11446187
A15: BAT Bus | C15: 12052 | D15: ='EvO10.01-2045'!$M285 -> 14549 | E15: =(D15-C15)/C15 -> 0.20718553 | F15: ='EvO10.01-2050'!M285 -> 14598 | G15: =(F15-C15)/C15 -> 0.21125124
A16: Total | C16: 879507 | D16: =SUM(D4:D15) -> 1191302 | E16: =(D16-C16)/C16 -> 0.35451111 | F16: =SUM(F4:F15) -> 1223362 | G16: =(F16-C16)/C16 -> 0.39096335
A39: Transit Linked Trips Detail | F39: STOPS (Adjusted)
A40: FG Only | F40: =#REF! -> #REF!
A41: FG + Bus | F41: =#REF! -> #REF!
A42: FG All | F42: =#REF! -> #REF!
A43: Bus Only | F43: =#REF! -> #REF!
A45: PnR - FG Only | F45: =#REF! -> #REF!
A46: PnR - FG + Bus | F46: =#REF! -> #REF!
A47: PnR - FG All | F47: =#REF! -> #REF!
A48: PnR - Bus Only | F48: =#REF! -> #REF!
A50: KnR - FG Only | F50: =#REF! -> #REF!
A51: KnR - FG + Bus | F51: =#REF! -> #REF!
A52: KnR - FG All | F52: =#REF! -> #REF!
A53: KnR - Bus Only | F53: =#REF! -> #REF!

Sheet EvO10.01-2045
A2: Table 10.01 (Route Level Ridership by Access Mode) | L2: Table10.01
J4: 8 | K4: 9 | L4: 10
F5: Observed | J5: Estimated | O5: route_id | P5: route_long_name | Q5: Group | R5: Ridership | S5: route_gtfs | T5: Mode
A6: Route_ID | B6: Route Name | C6: Route # | D6: Agency | E6: Mode | F6: WLK | G6: KNR | H6: PNR | I6: ALL | J6: WLK | K6: KNR | L6: PNR | M6: ALL | O6: Red&T | P6: Red Line | Q6: 1 | R6: 133995 | S6: Red | T6: HR
O7: Mattapan&T | P7: Mattapan Trolley | Q7: 2 | R7: 4523 | S7: Mattapan | T7: LR
A8: Red&T | B8: Red Line | C8: Red | D8: MBTA HRT | E8: HR | I8: =VLOOKUP(A8,$O$5:$R$279,4,0) -> 133995 | J8: 123529 | K8: 9486 | L8: 21558 | M8: =SUM(J8:L8) -> 154573 | O8: Orange&T | P8: Orange Line | Q8: 3 | R8: 115769 | S8: Orange | T8: HR
A9: Orange&T | B9: Orange Line | C9: Orange | D9: MBTA HRT | E9: HR | I9: =VLOOKUP(A9,$O$5:$R$279,4,0) -> 115769 | J9: 112124 | K9: 10039 | L9: 23190 | M9: =SUM(J9:L9) -> 145353 | O9: Green-B&T | P9: Green Line B | Q9: 4 | R9: 113376 | S9: Green-B | T9: LRT
A10: Blue&T | B10: Blue Line | C10: Blue | D10: MBTA HRT | E10: HR | I10: =VLOOKUP(A10,$O$5:$R$279,4,0) -> 47213 | J10: 49792 | K10: 3359 | L10: 9725 | M10: =SUM(J10:L10) -> 62876 | O10: Green-C&T | P10: Green Line C | Q10: 4 | R10: 0 | S10: Green-C | T10: LRT
A11: Mattapan&T | B11: Mattapan Trolley | C11: Mattapan | D11: MBTA LRT | E11: LRT | I11: =VLOOKUP(A11,$O$5:$R$279,4,0) -> 4523 | J11: 3957 | K11: 331 | L11: 1147 | M11: =SUM(J11:L11) -> 5435 | O11: Green-D&T | P11: Green Line D | Q11: 4 | R11: 0 | S11: Green-D | T11: LRT
A12: Green-B&T | B12: Green Line B | C12: Green-B | D12: MBTA LRT | E12: LRT | I12: =VLOOKUP(A12,$O$5:$R$279,4,0) -> 113376 | J12: 30461 | K12: 1605 | L12: 2316 | M12: =SUM(J12:L12) -> 34382 | O12: Green-E&T | P12: Green Line E | Q12: 4 | R12: 0 | S12: Green-E | T12: LRT
A13: Green-C&T | B13: Green Line C | C13: Green-C | D13: MBTA LRT | E13: LRT | I13: =VLOOKUP(A13,$O$5:$R$279,4,0) -> 0 | J13: 19442 | K13: 1052 | L13: 1574 | M13: =SUM(J13:L13) -> 22068 | O13: Blue&T | P13: Blue Line | Q13: 8 | R13: 47213 | S13: Blue | T13: HR
A14: Green-D&T | B14: Green Line D | C14: Green-D | D14: MBTA LRT | E14: LRT | I14: =VLOOKUP(A14,$O$5:$R$279,4,0) -> 0 | J14: 27422 | K14: 2136 | L14: 4568 | M14: =SUM(J14:L14) -> 34126 | O14: 741&T | P14: Logan Airport Terminals - South Station | Q14: 9 | R14: 6310 | S14: 741 | T14: MBTA SL Bus
A15: Green-E&T | B15: Green Line E | C15: Green-E | D15: MBTA LRT | E15: LRT | I15: =VLOOKUP(A15,$O$5:$R$279,4,0) -> 0 | J15: 28554 | K15: 1963 | L15: 3404 | M15: =SUM(J15:L15) -> 33921 | O15: 742&T | P15: Design Center - South Station | Q15: 10 | R15: 3501 | S15: 742 | T15: MBTA SL Bus
A16: CR-Fairmount&T | B16: Fairmount Line | C16: CR-Fairmount | D16: MBTA Commuter Rail | E16: CR | I16: =VLOOKUP(A16,$O$5:$R$279,4,0) -> 5044 | J16: 9991 | K16: 1116 | L16: 698 | M16: =SUM(J16:L16) -> 11805 | O16: 743&T | P16: Chelsea Station - South Station | Q16: 11 | R16: 9569 | S16: 743 | T16: MBTA SL Bus
A17: CR-Fitchburg&T | B17: Fitchburg Line | C17: CR-Fitchburg | D17: MBTA Commuter Rail | E17: CR | I17: =VLOOKUP(A17,$O$5:$R$279,4,0) -> 7319 | J17: 7408 | K17: 2556 | L17: 12129 | M17: =SUM(J17:L17) -> 22093 | O17: 751&T | P17: Nubian Station - South Station | Q17: 12 | R17: 4618 | S17: 751 | T17: MBTA SL Bus
A18: CR-Worcester&T | B18: Framingham/Worcester Line | C18: CR-Worcester | D18: MBTA Commuter Rail | E18: CR | I18: =VLOOKUP(A18,$O$5:$R$279,4,0) -> 17120 | J18: 17235 | K18: 5034 | L18: 11126 | M18: =SUM(J18:L18) -> 33395 | O18: 749&T | P18: Nubian Station - Temple Place | Q18: 13 | R18: 8333 | S18: 749 | T18: MBTA SL Bus
A19: CR-Franklin&T | B19: Franklin/Foxboro Line | C19: CR-Franklin | D19: MBTA Commuter Rail | E19: CR | I19: =VLOOKUP(A19,$O$5:$R$279,4,0) -> 11914 | J19: 3851 | K19: 1058 | L19: 7679 | M19: =SUM(J19:L19) -> 12588 | O19: 746&T | P19: Silver Line Way - South Station | Q19: 14 | R19: 905 | S19: 746 | T19: MBTA SL Bus
A20: CR-Greenbush&T | B20: Greenbush Line | C20: CR-Greenbush | D20: MBTA Commuter Rail | E20: CR | I20: =VLOOKUP(A20,$O$5:$R$279,4,0) -> 4286 | J20: 1065 | K20: 259 | L20: 5014 | M20: =SUM(J20:L20) -> 6338 | O20: CR-Fairmount&T | P20: Fairmount Line | Q20: 15 | R20: 5044 | S20: CR-Fairmount | T20: CR
A21: CR-Haverhill&T | B21: Haverhill Line | C21: CR-Haverhill | D21: MBTA Commuter Rail | E21: CR | I21: =VLOOKUP(A21,$O$5:$R$279,4,0) -> 4418 | J21: 3767 | K21: 714 | L21: 7563 | M21: =SUM(J21:L21) -> 12044 | O21: CR-Fitchburg&T | P21: Fitchburg Line | Q21: 16 | R21: 7319 | S21: CR-Fitchburg | T21: CR
A22: CR-Kingston&T | B22: Kingston Line | C22: CR-Kingston | D22: MBTA Commuter Rail | E22: CR | I22: =VLOOKUP(A22,$O$5:$R$279,4,0) -> 6084 | J22: 626 | K22: 448 | L22: 7119 | M22: =SUM(J22:L22) -> 8193 | O22: CR-Worcester&T | P22: Framingham/Worcester Line | Q22: 17 | R22: 17120 | S22: CR-Worcester | T22: CR
A23: CR-Lowell&T | B23: Lowell Line | C23: CR-Lowell | D23: MBTA Commuter Rail | E23: CR | I23: =VLOOKUP(A23,$O$5:$R$279,4,0) -> 7215 | J23: 2419 | K23: 647 | L23: 7250 | M23: =SUM(J23:L23) -> 10316 | O23: CR-Franklin&T | P23: Franklin/Foxboro Line | Q23: 18 | R23: 11914 | S23: CR-Franklin | T23: CR
A24: CR-Middleborough&T | B24: Middleborough/Lakeville Line | C24: CR-Middleborough | D24: MBTA Commuter Rail | E24: CR | I24: =VLOOKUP(A24,$O$5:$R$279,4,0) -> 7641 | J24: 4021 | K24: 833 | L24: 2772 | M24: =SUM(J24:L24) -> 7626 | O24: CR-Greenbush&T | P24: Greenbush Line | Q24: 19 | R24: 4286 | S24: CR-Greenbush | T24: CR
A25: CR-Needham&T | B25: Needham Line | C25: CR-Needham | D25: MBTA Commuter Rail | E25: CR | I25: =VLOOKUP(A25,$O$5:$R$279,4,0) -> 6948 | J25: 6594 | K25: 612 | L25: 1677 | M25: =SUM(J25:L25) -> 8883 | O25: CR-Haverhill&T | P25: Haverhill Line | Q25: 20 | R25: 4418 | S25: CR-Haverhill | T25: CR
A26: CR-Newburyport&T | B26: Newburyport/Rockport Line | C26: CR-Newburyport | D26: MBTA Commuter Rail | E26: CR | I26: =VLOOKUP(A26,$O$5:$R$279,4,0) -> 11907 | J26: 10467 | K26: 1452 | L26: 8331 | M26: =SUM(J26:L26) -> 20250 | O26: CR-Kingston&T | P26: Kingston Line | Q26: 21 | R26: 6084 | S26: CR-Kingston | T26: CR
A27: CR-Providence&T | B27: Providence/Stoughton Line | C27: CR-Providence | D27: MBTA Commuter Rail | E27: CR | I27: =VLOOKUP(A27,$O$5:$R$279,4,0) -> 21859 | J27: 5675 | K27: 3891 | L27: 16006 | M27: =SUM(J27:L27) -> 25572 | O27: CR-Lowell&T | P27: Lowell Line | Q27: 22 | R27: 7215 | S27: CR-Lowell | T27: CR
A28: CR-Foxboro&T | B28: Foxboro Event Service | C28: CR-Foxboro | D28: MBTA Commuter Rail | E28: CR | I28: =VLOOKUP(A28,$O$5:$R$279,4,0) -> 0 | M28: =SUM(J28:L28) -> 0 | O28: CR-Middleborough&T | P28: Middleborough/Lakeville Line | Q28: 23 | R28: 7641 | S28: CR-Middleborough | T28: CR
A29: CapeFlyer&T | B29: CapeFLYER | C29: CapeFlyer | D29: MBTA Commuter Rail | E29: CR | I29: =VLOOKUP(A29,$O$5:$R$279,4,0) -> 0 | M29: =SUM(J29:L29) -> 0 | O29: CR-Needham&T | P29: Needham Line | Q29: 24 | R29: 6948 | S29: CR-Needham | T29: CR
A30: Boat-F4&T | B30: Charlestown Ferry | C30: Boat-F4 | D30: MBTA Ferry | E30: Ferry | I30: =VLOOKUP(A30,$O$5:$R$279,4,0) -> 1089 | J30: 1233 | K30: 93 | L30: 4 | M30: =SUM(J30:L30) -> 1330 | O30: CR-Newburyport&T | P30: Newburyport/Rockport Line | Q30: 25 | R30: 11907 | S30: CR-Newburyport | T30: CR
A31: Boat-F1&T | B31: Hingham/Hull Ferry | C31: Boat-F1 | D31: MBTA Ferry | E31: Ferry | I31: =VLOOKUP(A31,$O$5:$R$279,4,0) -> 3625 | J31: 41 | K31: 71 | L31: 1904 | M31: =SUM(J31:L31) -> 2016 | O31: CR-Providence&T | P31: Providence/Stoughton Line | Q31: 26 | R31: 21859 | S31: CR-Providence | T31: CR
A32: Boat-EastBoston&T | B32: East Boston Ferry | C32: Boat-EastBoston | D32: MBTA Ferry | E32: Ferry | I32: =VLOOKUP(A32,$O$5:$R$279,4,0) -> 283 | J32: 0 | K32: 0 | L32: 0 | M32: =SUM(J32:L32) -> 0 | O32: CR-Foxboro&T | P32: Foxboro Event Service | Q32: 27 | R32: 0 | S32: CR-Foxboro | T32: CR
A33: Boat-Lynn&T | B33: Lynn Ferry | C33: Boat-Lynn | D33: MBTA Ferry | E33: Ferry | I33: =VLOOKUP(A33,$O$5:$R$279,4,0) -> 189 | J33: 7 | K33: 22 | L33: 0 | M33: =SUM(J33:L33) -> 29 | O33: CapeFlyer&T | P33: CapeFLYER | Q33: 28 | R33: 0 | S33: CapeFlyer | T33: CR
A34: Boat-F6&T | B34: Winthrop/Quincy Ferry | C34: Boat-F6 | D34: MBTA Ferry | E34: Ferry | I34: =VLOOKUP(A34,$O$5:$R$279,4,0) -> 224 | J34: 170 | K34: 14 | L34: 10 | M34: =SUM(J34:L34) -> 194 | O34: Boat-F4&T | P34: Charlestown Ferry | Q34: 29 | R34: 1089 | S34: Boat-F4 | T34: Ferry
A35: 741&T | B35: Logan Airport Terminals - South Station | C35: 741 | D35: MBTA Key Bus (SL) | E35: Silver Line | I35: =VLOOKUP(A35,$O$5:$R$279,4,0) -> 6310 | J35: 11592 | K35: 523 | L35: 896 | M35: =SUM(J35:L35) -> 13011 | O35: Boat-F1&T | P35: Hingham/Hull Ferry | Q35: 30 | R35: 3625 | S35: Boat-F1 | T35: Ferry
A36: 742&T | B36: Design Center - South Station | C36: 742 | D36: MBTA Key Bus (SL) | E36: Silver Line | I36: =VLOOKUP(A36,$O$5:$R$279,4,0) -> 3501 | J36: 12128 | K36: 249 | L36: 909 | M36: =SUM(J36:L36) -> 13286 | O36: Boat-EastBoston&T | P36: East Boston Ferry | Q36: 31 | R36: 283 | S36: Boat-EastBoston | T36: Ferry
A37: 743&T | B37: Chelsea Station - South Station | C37: 743 | D37: MBTA Key Bus (SL) | E37: Silver Line | I37: =VLOOKUP(A37,$O$5:$R$279,4,0) -> 9569 | J37: 9091 | K37: 185 | L37: 913 | M37: =SUM(J37:L37) -> 10189 | O37: Boat-Lynn&T | P37: Lynn Ferry | Q37: 32 | R37: 189 | S37: Boat-Lynn | T37: Ferry
A38: 751&T | B38: Nubian Station - South Station | C38: 751 | D38: MBTA Key Bus (SL) | E38: Silver Line | I38: =VLOOKUP(A38,$O$5:$R$279,4,0) -> 4618 | J38: 0 | K38: 0 | L38: 0 | M38: =SUM(J38:L38) -> 0 | O38: Boat-F6&T | P38: Winthrop/Quincy Ferry | Q38: 33 | R38: 224 | S38: Boat-F6 | T38: Ferry
A39: 749&T | B39: Nubian Station - Temple Place | C39: 749 | D39: MBTA Key Bus (SL) | E39: Silver Line | I39: =VLOOKUP(A39,$O$5:$R$279,4,0) -> 8333 | J39: 12610 | K39: 46 | L39: 102 | M39: =SUM(J39:L39) -> 12758 | O39: 1&T | P39: Harvard Square - Nubian Station | Q39: 34 | R39: 9490 | S39: 1 | T39: MBTA Bus
A40: 746&T | B40: Silver Line Way - South Station | C40: 746 | D40: MBTA Key Bus (SL) | E40: Silver Line | I40: =VLOOKUP(A40,$O$5:$R$279,4,0) -> 905 | J40: 0 | K40: 0 | L40: 0 | M40: =SUM(J40:L40) -> 0 | O40: 4&T | P40: North Station - Design Center | Q40: 35 | R40: 261 | S40: 4 | T40: MBTA Bus
A41: 1&T | B41: Harvard Square - Nubian Station | C41: 1 | D41: MBTA Key Bus | E41: MBTA Key Bus | I41: =VLOOKUP(A41,$O$5:$R$279,4,0) -> 9490 | J41: 11833 | K41: 47 | L41: 107 | M41: =SUM(J41:L41) -> 11987 | O41: 7&T | P41: City Point - Otis Street & Summer Street | Q41: 36 | R41: 2869 | S41: 7 | T41: MBTA Bus
A42: 15&T | B42: Fields Corner Station or St Peter's Square - Ruggles Station | C42: 15 | D42: MBTA Key Bus | E42: MBTA Key Bus | I42: =VLOOKUP(A42,$O$5:$R$279,4,0) -> 5538 | J42: 9102 | K42: 17 | L42: 23 | M42: =SUM(J42:L42) -> 9142 | O42: 8&T | P42: Harbor Point - Kenmore Station | Q42: 37 | R42: 2874 | S42: 8 | T42: MBTA Bus
A43: 22&T | B43: Ashmont Station - Ruggles Station via Talbot Ave | C43: 22 | D43: MBTA Key Bus | E43: MBTA Key Bus | I43: =VLOOKUP(A43,$O$5:$R$279,4,0) -> 8045 | J43: 9039 | K43: 18 | L43: 20 | M43: =SUM(J43:L43) -> 9077 | O43: 9&T | P43: City Point - Copley Square | Q43: 38 | R43: 4975 | S43: 9 | T43: MBTA Bus
A44: 23&T | B44: Ashmont Station - Ruggles Station via Washington Street | C44: 23 | D44: MBTA Key Bus | E44: MBTA Key Bus | I44: =VLOOKUP(A44,$O$5:$R$279,4,0) -> 11677 | J44: 22122 | K44: 122 | L44: 413 | M44: =SUM(J44:L44) -> 22657 | O44: 10&T | P44: City Point - Copley Square | Q44: 39 | R44: 2431 | S44: 10 | T44: MBTA Bus
A45: 28&T | B45: Mattapan Station - Ruggles Station | C45: 28 | D45: MBTA Key Bus | E45: MBTA Key Bus | I45: =VLOOKUP(A45,$O$5:$R$279,4,0) -> 12216 | J45: 42095 | K45: 267 | L45: 470 | M45: =SUM(J45:L45) -> 42832 | O45: 11&T | P45: City Point - Chauncy Street & Summer Street | Q45: 40 | R45: 1634 | S45: 11 | T45: MBTA Bus
A46: 32&T | B46: Wolcott or Cleary Square - Forest Hills Station | C46: 32 | D46: MBTA Key Bus | E46: MBTA Key Bus | I46: =VLOOKUP(A46,$O$5:$R$279,4,0) -> 7158 | J46: 8875 | K46: 65 | L46: 336 | M46: =SUM(J46:L46) -> 9276 | O46: 14&T | P46: Roslindale Square - Heath Street | Q46: 41 | R46: 1109 | S46: 14 | T46: MBTA Bus
A47: 39&T | B47: Forest Hills Station - Back Bay Station | C47: 39 | D47: MBTA Key Bus | E47: MBTA Key Bus | I47: =VLOOKUP(A47,$O$5:$R$279,4,0) -> 9112 | J47: 8406 | K47: 39 | L47: 269 | M47: =SUM(J47:L47) -> 8714 | O47: 15&T | P47: Fields Corner Station or St Peter's Square - Ruggles Station | Q47: 42 | R47: 5538 | S47: 15 | T47: MBTA Bus
A48: 57&T | B48: Watertown Yard - Kenmore Station | C48: 57 | D48: MBTA Key Bus | E48: MBTA Key Bus | I48: =VLOOKUP(A48,$O$5:$R$279,4,0) -> 8729 | J48: 11661 | K48: 65 | L48: 102 | M48: =SUM(J48:L48) -> 11828 | O48: 16&T | P48: Forest Hills Station - Andrew Station or Harbor Point | Q48: 43 | R48: 6537 | S48: 16 | T48: MBTA Bus
A49: 66&T | B49: Harvard Square - Nubian Station | C49: 66 | D49: MBTA Key Bus | E49: MBTA Key Bus | I49: =VLOOKUP(A49,$O$5:$R$279,4,0) -> 12820 | J49: 11143 | K49: 38 | L49: 48 | M49: =SUM(J49:L49) -> 11229 | O49: 17&T | P49: Fields Corner Station - Andrew Station | Q49: 44 | R49: 2023 | S49: 17 | T49: MBTA Bus
A50: 71&T | B50: Watertown Square - Harvard Station | C50: 71 | D50: MBTA Key Bus | E50: MBTA Key Bus | I50: =VLOOKUP(A50,$O$5:$R$279,4,0) -> 2463 | J50: 4912 | K50: 88 | L50: 185 | M50: =SUM(J50:L50) -> 5185 | O50: 18&T | P50: Ashmont Station - Andrew Station | Q50: 45 | R50: 197 | S50: 18 | T50: MBTA Bus
... A64: 7&T | B64: City Point - Otis Street & Summer Street | C64: 7 | D64: MBTA Bus | E64: MBTA Bus | I64: =VLOOKUP(A64,$O$5:$R$279,4,0) -> 2869 | J64: 28878 | K64: 617 | L64: 2232 | M64: =SUM(J64:L64) -> 31727 | O64: 34&T | P64: Dedham Square - Forest Hills Station | Q64: 59 | R64: 5091 | S64: 34 | T64: MBTA Bus
A65: 8&T | B65: Harbor Point - Kenmore Station | C65: 8 | D65: MBTA Bus | E65: MBTA Bus | I65: =VLOOKUP(A65,$O$5:$R$279,4,0) -> 2874 | J65: 7749 | K65: 32 | L65: 45 | M65: =SUM(J65:L65) -> 7826 | O65: 34E&T | P65: Walpole Center - Forest Hills Station | Q65: 59 | R65: 0 | S65: 34E | T65: MBTA Bus
A66: 9&T | B66: City Point - Copley Square | C66: 9 | D66: MBTA Bus | E66: MBTA Bus | I66: =VLOOKUP(A66,$O$5:$R$279,4,0) -> 4975 | J66: 6608 | K66: 34 | L66: 36 | M66: =SUM(J66:L66) -> 6678 | O66: 35&T | P66: Dedham Mall or Stimson Street - Forest Hills Station | Q66: 61 | R66: 1596 | S66: 35 | T66: MBTA Bus
A67: 10&T | B67: City Point - Copley Square | C67: 10 | D67: MBTA Bus | E67: MBTA Bus | I67: =VLOOKUP(A67,$O$5:$R$279,4,0) -> 2431 | J67: 963 | K67: 6 | L67: 4 | M67: =SUM(J67:L67) -> 973 | O67: 36&T | P67: Millennium Park or VA Hospital - Forest Hills Station | Q67: 62 | R67: 2089 | S67: 36 | T67: MBTA Bus
A68: 11&T | B68: City Point - Chauncy Street & Summer Street | C68: 11 | D68: MBTA Bus | E68: MBTA Bus | I68: =VLOOKUP(A68,$O$5:$R$279,4,0) -> 1634 | J68: 1316 | K68: 3 | L68: 1 | M68: =SUM(J68:L68) -> 1320 | O68: 37&T | P68: Baker Street & Vermont Street - Forest Hills Station | Q68: 63 | R68: 956 | S68: 37 | T68: MBTA Bus
A69: 14&T | B69: Roslindale Square - Heath Street | C69: 14 | D69: MBTA Bus | E69: MBTA Bus | I69: =VLOOKUP(A69,$O$5:$R$279,4,0) -> 1109 | J69: 764 | K69: 7 | L69: 10 | M69: =SUM(J69:L69) -> 781 | O69: 38&T | P69: Wren Street - Forest Hills Station | Q69: 64 | R69: 633 | S69: 38 | T69: MBTA Bus
A70: 16&T | B70: Forest Hills Station - Andrew Station or Harbor Point | C70: 16 | D70: MBTA Bus | E70: MBTA Bus | I70: =VLOOKUP(A70,$O$5:$R$279,4,0) -> 6537 | J70: 9587 | K70: 29 | L70: 80 | M70: =SUM(J70:L70) -> 9696 | O70: 39&T | P70: Forest Hills Station - Back Bay Station | Q70: 65 | R70: 9112 | S70: 39 | T70: MBTA Bus
A71: 17&T | B71: Fields Corner Station - Andrew Station | C71: 17 | D71: MBTA Bus | E71: MBTA Bus | I71: =VLOOKUP(A71,$O$5:$R$279,4,0) -> 2023 | J71: 786 | K71: 0 | L71: 1 | M71: =SUM(J71:L71) -> 787 | O71: 40&T | P71: Georgetowne - Forest Hills Station | Q71: 66 | R71: 1182 | S71: 40 | T71: MBTA Bus
A72: 18&T | B72: Ashmont Station - Andrew Station | C72: 18 | D72: MBTA Bus | E72: MBTA Bus | I72: =VLOOKUP(A72,$O$5:$R$279,4,0) -> 197 | J72: 166 | K72: 1 | L72: 1 | M72: =SUM(J72:L72) -> 168 | O72: 4050&T | P72: Georgetowne - Forest Hills Station | Q72: 67 | R72: 0 | S72: 4050 | T72: MBTA Bus
A73: 19&T | B73: Fields Corner Station - Kenmore or Ruggles Station | C73: 19 | D73: MBTA Bus | E73: MBTA Bus | I73: =VLOOKUP(A73,$O$5:$R$279,4,0) -> 2760 | J73: 434 | K73: 0 | L73: 12 | M73: =SUM(J73:L73) -> 446 | O73: 41&T | P73: Centre Street & Eliot Street - JFK/UMass Station | Q73: 68 | R73: 1411 | S73: 41 | T73: MBTA Bus
A74: 21&T | B74: Ashmont Station - Forest Hills Station | C74: 21 | D74: MBTA Bus | E74: MBTA Bus | I74: =VLOOKUP(A74,$O$5:$R$279,4,0) -> 4494 | J74: 3743 | K74: 17 | L74: 21 | M74: =SUM(J74:L74) -> 3781 | O74: 42&T | P74: Forest Hills Station - Nubian Station | Q74: 69 | R74: 2110 | S74: 42 | T74: MBTA Bus
A75: 24&T | B75: Wakefield Avenue & Truman Parkway - Ashmont Station | C75: 24 | D75: MBTA Bus | E75: MBTA Bus | I75: =VLOOKUP(A75,$O$5:$R$279,4,0) -> 2211 | J75: 4372 | K75: 46 | L75: 124 | M75: =SUM(J75:L75) -> 4542 | O75: 43&T | P75: Ruggles Station - Park Street Station | Q75: 70 | R75: 335 | S75: 43 | T75: MBTA Bus
A76: 26&T | B76: Ashmont Station - Norfolk Street Loop | C76: 26 | D76: MBTA Bus | E76: MBTA Bus | I76: =VLOOKUP(A76,$O$5:$R$279,4,0) -> 718 | J76: 874 | K76: 1 | L76: 1 | M76: =SUM(J76:L76) -> 876 | O76: 44&T | P76: Jackson Square Station - Ruggles Station | Q76: 71 | R76: 2660 | S76: 44 | T76: MBTA Bus
A77: 29&T | B77: Mattapan Station - Jackson Square Station | C77: 29 | D77: MBTA Bus | E77: MBTA Bus | I77: =VLOOKUP(A77,$O$5:$R$279,4,0) -> 1251 | J77: 250 | K77: 4 | L77: 2 | M77: =SUM(J77:L77) -> 256 | O77: 45&T | P77: Franklin Park - Ruggles Station | Q77: 72 | R77: 1926 | S77: 45 | T77: MBTA Bus
... A82: 34&T | B82: Dedham Square - Forest Hills Station | C82: 34 | D82: MBTA Bus | E82: MBTA Bus | I82: =VLOOKUP(A82,$O$5:$R$279,4,0) -> 5091 | J82: 2729 | K82: 35 | L82: 19 | M82: =SUM(J82:L82) -> 2783 | O82: 55&T | P82: West Fenway - Copley Square | Q82: 77 | R82: 80 | S82: 55 | T82: MBTA Bus
A83: 34E&T | B83: Walpole Center - Forest Hills Station | C83: 34E | D83: MBTA Bus | E83: MBTA Bus | I83: =VLOOKUP(A83,$O$5:$R$279,4,0) -> 0 | J83: 3477 | K83: 69 | L83: 319 | M83: =SUM(J83:L83) -> 3865 | O83: 57&T | P83: Watertown Yard - Kenmore Station | Q83: 78 | R83: 8729 | S83: 57 | T83: MBTA Bus
A84: 35&T | B84: Dedham Mall or Stimson Street - Forest Hills Station | C84: 35 | D84: MBTA Bus | E84: MBTA Bus | I84: =VLOOKUP(A84,$O$5:$R$279,4,0) -> 1596 | J84: 2340 | K84: 20 | L84: 122 | M84: =SUM(J84:L84) -> 2482 | O84: 59&T | P84: Needham Junction - Watertown Square | Q84: 79 | R84: 990 | S84: 59 | T84: MBTA Bus
A85: 36&T | B85: Millennium Park or VA Hospital - Forest Hills Station | C85: 36 | D85: MBTA Bus | E85: MBTA Bus | I85: =VLOOKUP(A85,$O$5:$R$279,4,0) -> 2089 | J85: 2658 | K85: 30 | L85: 114 | M85: =SUM(J85:L85) -> 2802 | O85: 60&T | P85: Chestnut Hill - Kenmore Station | Q85: 80 | R85: 971 | S85: 60 | T85: MBTA Bus
A86: 37&T | B86: Baker Street & Vermont Street - Forest Hills Station | C86: 37 | D86: MBTA Bus | E86: MBTA Bus | I86: =VLOOKUP(A86,$O$5:$R$279,4,0) -> 956 | J86: 0 | K86: 0 | L86: 0 | M86: =SUM(J86:L86) -> 0 | O86: 61&T | P86: North Waltham - Waltham Center | Q86: 81 | R86: 388 | S86: 61 | T86: MBTA Bus
A87: 38&T | B87: Wren Street - Forest Hills Station | C87: 38 | D87: MBTA Bus | E87: MBTA Bus | I87: =VLOOKUP(A87,$O$5:$R$279,4,0) -> 633 | J87: 1425 | K87: 13 | L87: 70 | M87: =SUM(J87:L87) -> 1508 | O87: 62&T | P87: Bedford VA Hospital - Alewife Station | Q87: 82 | R87: 745 | S87: 62 | T87: MBTA Bus
A88: 40&T | B88: Georgetowne - Forest Hills Station | C88: 40 | D88: MBTA Bus | E88: MBTA Bus | I88: =VLOOKUP(A88,$O$5:$R$279,4,0) -> 1182 | J88: 1352 | K88: 7 | L88: 5 | M88: =SUM(J88:L88) -> 1364 | O88: 627&T | P88: Bedford VA Hospital - Alewife Station via Hanscom Airport | Q88: 82 | R88: 0 | S88: 6276 | T88: MBTA Bus
A89: 4050&T | B89: Georgetowne - Forest Hills Station | C89: 4050 | D89: MBTA Bus | E89: MBTA Bus | I89: =VLOOKUP(A89,$O$5:$R$279,4,0) -> 0 | J89: 0 | K89: 0 | L89: 0 | M89: =SUM(J89:L89) -> 0 | O89: 64&T | P89: Oak Square - University Park or Kendall/MIT Station | Q89: 84 | R89: 1488 | S89: 64 | T89: MBTA Bus
A90: 41&T | B90: Centre Street & Eliot Street - JFK/UMass Station | C90: 41 | D90: MBTA Bus | E90: MBTA Bus | I90: =VLOOKUP(A90,$O$5:$R$279,4,0) -> 1411 | J90: 1103 | K90: 3 | L90: 0 | M90: =SUM(J90:L90) -> 1106 | O90: 65&T | P90: Brighton Center - Kenmore Station | Q90: 85 | R90: 2531 | S90: 65 | T90: MBTA Bus
A91: 42&T | B91: Forest Hills Station - Nubian Station | C91: 42 | D91: MBTA Bus | E91: MBTA Bus | I91: =VLOOKUP(A91,$O$5:$R$279,4,0) -> 2110 | J91: 4240 | K91: 10 | L91: 100 | M91: =SUM(J91:L91) -> 4350 | O91: 66&T | P91: Harvard Square - Nubian Station | Q91: 86 | R91: 12820 | S91: 66 | T91: MBTA Bus
A92: 43&T | B92: Ruggles Station - Park Street Station | C92: 43 | D92: MBTA Bus | E92: MBTA Bus | I92: =VLOOKUP(A92,$O$5:$R$279,4,0) -> 335 | J92: 1025 | K92: 5 | L92: 1 | M92: =SUM(J92:L92) -> 1031 | O92: 67&T | P92: Turkey Hill - Alewife Station | Q92: 87 | R92: 341 | S92: 67 | T92: MBTA Bus
A93: 44&T | B93: Jackson Square Station - Ruggles Station | C93: 44 | D93: MBTA Bus | E93: MBTA Bus | I93: =VLOOKUP(A93,$O$5:$R$279,4,0) -> 2660 | J93: 1355 | K93: 4 | L93: 0 | M93: =SUM(J93:L93) -> 1359 | O93: 68&T | P93: Harvard Square - Kendall/MIT Station | Q93: 88 | R93: 381 | S93: 68 | T93: MBTA Bus
A94: 45&T | B94: Franklin Park - Ruggles Station | C94: 45 | D94: MBTA Bus | E94: MBTA Bus | I94: =VLOOKUP(A94,$O$5:$R$279,4,0) -> 1926 | J94: 165 | K94: 1 | L94: 1 | M94: =SUM(J94:L94) -> 167 | O94: 69&T | P94: Harvard Square - Lechmere Station | Q94: 89 | R94: 2173 | S94: 69 | T94: MBTA Bus
A95: 47&T | B95: Central Square, Cambridge - Broadway Station | C95: 47 | D95: MBTA Bus | E95: MBTA Bus | I95: =VLOOKUP(A95,$O$5:$R$279,4,0) -> 4466 | J95: 6897 | K95: 34 | L95: 36 | M95: =SUM(J95:L95) -> 6967 | O95: 70&T | P95: Market Place Drive or Waltham Center - University Park | Q95: 90 | R95: 5274 | S95: 70 | T95: MBTA Bus
... A149: 171&T | B149: Logan Airport Terminals - Nubian Station | C149: 171 | D149: MBTA Bus | E149: MBTA Bus | I149: =VLOOKUP(A149,$O$5:$R$279,4,0) -> 20 | J149: 0 | K149: 0 | L149: 0 | M149: =SUM(J149:L149) -> 0 | O149: 220&T | P149: Hingham Depot - Quincy Center Station | Q149: 144 | R149: 1121 | S149: 220 | T149: MBTA Bus
A150: 195&T | B150: Lemuel Shattuck Hospital - Park Street & Tremont Street | C150: 195 | D150: MBTA Bus | E150: MBTA Bus | I150: =VLOOKUP(A150,$O$5:$R$279,4,0) -> 0 | M150: =SUM(J150:L150) -> 0 | O150: 222&T | P150: East Weymouth - Quincy Center Station | Q150: 145 | R150: 953 | S150: 222 | T150: MBTA Bus
A151: 201&T | B151: Fields Corner Loop via Neponset Ave | C151: 201 | D151: MBTA Bus | E151: MBTA Bus | I151: =VLOOKUP(A151,$O$5:$R$279,4,0) -> 490 | J151: 214 | K151: 1 | L151: 0 | M151: =SUM(J151:L151) -> 215 | O151: 225&T | P151: Weymouth Landing - Quincy Center Station | Q151: 146 | R151: 1370 | S151: 225 | T151: MBTA Bus
A152: 202&T | B152: Fields Corner Loop via Adams Street | C152: 202 | D152: MBTA Bus | E152: MBTA Bus | I152: =VLOOKUP(A152,$O$5:$R$279,4,0) -> 134 | J152: 437 | K152: 2 | L152: 0 | M152: =SUM(J152:L152) -> 439 | O152: 226&T | P152: Columbian Square - Braintree Station | Q152: 147 | R152: 551 | S152: 226 | T152: MBTA Bus
A153: 210&T | B153: Quincy Center Station - Fields Corner Station | C153: 210 | D153: MBTA Bus | E153: MBTA Bus | I153: =VLOOKUP(A153,$O$5:$R$279,4,0) -> 826 | J153: 1084 | K153: 3 | L153: 27 | M153: =SUM(J153:L153) -> 1114 | O153: 230&T | P153: Montello Station - Quincy Center Station | Q153: 148 | R153: 837 | S153: 230 | T153: MBTA Bus
A154: 211&T | B154: Quincy Center Station - Squantum | C154: 211 | D154: MBTA Bus | E154: MBTA Bus | I154: =VLOOKUP(A154,$O$5:$R$279,4,0) -> 631 | J154: 1279 | K154: 7 | L154: 35 | M154: =SUM(J154:L154) -> 1321 | O154: 236&T | P154: South Shore Plaza - Quincy Center Station | Q154: 149 | R154: 395 | S154: 236 | T154: MBTA Bus
A155: 215&T | B155: Quincy Center Station - Ashmont Station via West Quincy | C155: 215 | D155: MBTA Bus | E155: MBTA Bus | I155: =VLOOKUP(A155,$O$5:$R$279,4,0) -> 1406 | J155: 1692 | K155: 17 | L155: 39 | M155: =SUM(J155:L155) -> 1748 | O155: 238&T | P155: Holbrook/Randolph Station - Quincy Center Station | Q155: 150 | R155: 1187 | S155: 238 | T155: MBTA Bus
A156: 216&T | B156: Houghs Neck - Quincy Center Station via Germantown | C156: 216 | D156: MBTA Bus | E156: MBTA Bus | I156: =VLOOKUP(A156,$O$5:$R$279,4,0) -> 1486 | J156: 1271 | K156: 6 | L156: 3 | M156: =SUM(J156:L156) -> 1280 | O156: 240&T | P156: Avon Square - Ashmont Station | Q156: 151 | R156: 2101 | S156: 240 | T156: MBTA Bus
A157: 217&T | B157: Quincy Center Station - Ashmont Station via Wollaston Station | C157: 217 | D157: MBTA Bus | E157: MBTA Bus | I157: =VLOOKUP(A157,$O$5:$R$279,4,0) -> 233 | J157: 522 | K157: 4 | L157: 20 | M157: =SUM(J157:L157) -> 546 | O157: 245&T | P157: Quincy Center Station - Mattapan Station | Q157: 152 | R157: 109 | S157: 245 | T157: MBTA Bus
A158: 220&T | B158: Hingham Depot - Quincy Center Station | C158: 220 | D158: MBTA Bus | E158: MBTA Bus | I158: =VLOOKUP(A158,$O$5:$R$279,4,0) -> 1121 | J158: 763 | K158: 27 | L158: 792 | M158: =SUM(J158:L158) -> 1582 | O158: 350&T | P158: North Burlington - Alewife Station | Q158: 153 | R158: 1173 | S158: 350 | T158: MBTA Bus
A159: 222&T | B159: East Weymouth - Quincy Center Station | C159: 222 | D159: MBTA Bus | E159: MBTA Bus | I159: =VLOOKUP(A159,$O$5:$R$279,4,0) -> 953 | J159: 1378 | K159: 16 | L159: 2 | M159: =SUM(J159:L159) -> 1396 | O159: 351&T | P159: Bedford Woods Drive - Third Avenue | Q159: 154 | R159: 25 | S159: 351 | T159: MBTA Bus
A160: 225&T | B160: Weymouth Landing - Quincy Center Station | C160: 225 | D160: MBTA Bus | E160: MBTA Bus | I160: =VLOOKUP(A160,$O$5:$R$279,4,0) -> 1370 | J160: 0 | K160: 0 | L160: 0 | M160: =SUM(J160:L160) -> 0 | O160: 354&T | P160: North Burlington - State Street- Boston | Q160: 155 | R160: 659 | S160: 354 | T160: MBTA Bus
A161: 226&T | B161: Columbian Square - Braintree Station | C161: 226 | D161: MBTA Bus | E161: MBTA Bus | I161: =VLOOKUP(A161,$O$5:$R$279,4,0) -> 551 | J161: 531 | K161: 8 | L161: 10 | M161: =SUM(J161:L161) -> 549 | O161: 411&T | P161: Kennedy Drive or Jack Satter House - Malden Center Station | Q161: 156 | R161: 1050 | S161: 411 | T161: MBTA Bus
A162: 230&T | B162: Montello Station - Quincy Center Station | C162: 230 | D162: MBTA Bus | E162: MBTA Bus | I162: =VLOOKUP(A162,$O$5:$R$279,4,0) -> 837 | J162: 2571 | K162: 13 | L162: 12 | M162: =SUM(J162:L162) -> 2596 | O162: 424&T | P162: Eastern Avenue & Essex Street - Wonderland Station | Q162: 157 | R162: 312 | S162: 424 | T162: MBTA Bus
... A189: 714&T | B189: Pemberton Point, Hull - Station Street, Hingham | C189: 714 | D189: MBTA Bus | E189: MBTA Bus | I189: =VLOOKUP(A189,$O$5:$R$279,4,0) -> 0 | J189: 105 | K189: 1 | L189: 0 | M189: =SUM(J189:L189) -> 106 | O189: 747&T | P189: Sullivan Square Station - Ruggles Station | Q189: 184 | R189: 1774 | S189: 747 | T189: MBTA Bus
A190: 716&T | B190: Cobbs Corner - Mattapan Station | C190: 716 | D190: MBTA Bus | E190: MBTA Bus | I190: =VLOOKUP(A190,$O$5:$R$279,4,0) -> 0 | J190: 170 | K190: 9 | L190: 4 | M190: =SUM(J190:L190) -> 183 | O190: Shuttle-AshmontBraintree&T | P190: Ashmont - Braintree | Q190: 185 | R190: 0 | S190: Shuttle-AshmontBraintree | T190: MBTA Bus
A191: 747&T | B191: Sullivan Square Station - Ruggles Station | C191: 747 | D191: MBTA Bus | E191: MBTA Bus | I191: =VLOOKUP(A191,$O$5:$R$279,4,0) -> 1774 | J191: 0 | K191: 0 | L191: 0 | M191: =SUM(J191:L191) -> 0 | O191: 18741&C | P191: Washington St- Cherry St to GHS | Q191: 190 | R191: 633 | S191: 18741 | T191: CATA
A192: Shuttle-AshmontBraintree&T | B192: Ashmont - Braintree | C192: Shuttle-AshmontBraintree | D192: MBTA Bus | E192: MBTA Bus | I192: =VLOOKUP(A192,$O$5:$R$279,4,0) -> 0 | M192: =SUM(J192:L192) -> 0 | O192: 2848&C | P192: Gloucester - Rockport via Eastern Ave | Q192: 190 | R192: 0 | S192: 2848 | T192: CATA
A193: 18741&C | B193: Washington St, Cherry St to GHS | C193: 18741 | D193: CATA | E193: CATA Bus | I193: =VLOOKUP(A193,$O$5:$R$279,4,0) -> 633 | M193: =SUM(J193:L193) -> 0 | O193: 18720&C | P193: Beverly Commuter | Q193: 190 | R193: 0 | S193: 18720 | T193: CATA
A194: 2848&C | B194: Gloucester - Rockport via Eastern Ave | C194: 2848 | D194: CATA | E194: CATA Bus | I194: =VLOOKUP(A194,$O$5:$R$279,4,0) -> 0 | J194: 25 | K194: 0 | L194: 0 | M194: =SUM(J194:L194) -> 25 | O194: 2851&C | P194: Rockport Shuttle | Q194: 190 | R194: 0 | S194: 2851 | T194: CATA
A195: 18720&C | B195: Beverly Commuter | C195: 18720 | D195: CATA | E195: CATA Bus | I195: =VLOOKUP(A195,$O$5:$R$279,4,0) -> 0 | J195: 2 | K195: 0 | L195: 0 | M195: =SUM(J195:L195) -> 2 | O195: 2856&C | P195: Stage Fort Park Shuttle | Q195: 190 | R195: 0 | S195: 2856 | T195: CATA
A196: 2851&C | B196: Rockport Shuttle | C196: 2851 | D196: CATA | E196: CATA Bus | I196: =VLOOKUP(A196,$O$5:$R$279,4,0) -> 0 | M196: =SUM(J196:L196) -> 0 | O196: 3240&C | P196: Ipswich/Essex Explorer | Q196: 190 | R196: 0 | S196: 3240 | T196: CATA
A197: 2856&C | B197: Stage Fort Park Shuttle | C197: 2856 | D197: CATA | E197: CATA Bus | I197: =VLOOKUP(A197,$O$5:$R$279,4,0) -> 0 | M197: =SUM(J197:L197) -> 0 | O197: 18743&C | P197: Back Shore- Rocky Neck to GHS | Q197: 190 | R197: 0 | S197: 18743 | T197: CATA
A198: 3240&C | B198: Ipswich/Essex Explorer | C198: 3240 | D198: CATA | E198: CATA Bus | I198: =VLOOKUP(A198,$O$5:$R$279,4,0) -> 0 | M198: =SUM(J198:L198) -> 0 | O198: 18742&C | P198: Rockport- Lanesville- Washington St to GHS | Q198: 190 | R198: 0 | S198: 18742 | T198: CATA
...

Sheet EvO10.01-2050
A2: Table 10.01 (Route Level Ridership by Access Mode) | L2: Table10.01
J4: 8 | K4: 9 | L4: 10
F5: Observed | J5: Estimated | N5: Difference | R5: % | T5: route_id | U5: route_long_name | V5: Group | W5: Ridership | X5: route_gtfs | Y5: Mode
A6: Route_ID | B6: Route Name | C6: Route # | D6: Agency | E6: Mode | F6: WLK | G6: KNR | H6: PNR | I6: ALL | J6: WLK | K6: KNR | L6: PNR | M6: ALL | N6: WLK | O6: KNR | P6: PNR | Q6: ALL | R6: Diff | T6: Red&T | U6: Red Line | V6: 1 | W6: 133995 | X6: Red | Y6: HR
T7: Mattapan&T | U7: Mattapan Trolley | V7: 2 | W7: 4523 | X7: Mattapan | Y7: LR
A8: Red&T | B8: Red Line | C8: Red | D8: MBTA HRT | E8: HR | I8: =VLOOKUP(A8,$T$5:$W$279,4,0) -> 133995 | J8: 125200 | K8: 9603 | L8: 21472 | M8: =SUM(J8:L8) -> 156275 | Q8: =M8-I8 -> 22280 | R8: =Q8/I8 -> 0.16627486 | T8: Orange&T | U8: Orange Line | V8: 3 | W8: 115769 | X8: Orange | Y8: HR
A9: Orange&T | B9: Orange Line | C9: Orange | D9: MBTA HRT | E9: HR | I9: =VLOOKUP(A9,$T$5:$W$279,4,0) -> 115769 | J9: 112697 | K9: 10130 | L9: 23095 | M9: =SUM(J9:L9) -> 145922 | Q9: =M9-I9 -> 30153 | R9: =Q9/I9 -> 0.26045833 | T9: Green-B&T | U9: Green Line B | V9: 4 | W9: 113376 | X9: Green-B | Y9: LRT
A10: Blue&T | B10: Blue Line | C10: Blue | D10: MBTA HRT | E10: HR | I10: =VLOOKUP(A10,$T$5:$W$279,4,0) -> 47213 | J10: 55348 | K10: 3487 | L10: 9307 | M10: =SUM(J10:L10) -> 68142 | Q10: =M10-I10 -> 20929 | R10: =Q10/I10 -> 0.44328892 | T10: Green-C&T | U10: Green Line C | V10: 4 | W10: 0 | X10: Green-C | Y10: LRT
A11: Mattapan&T | B11: Mattapan Trolley | C11: Mattapan | D11: MBTA LRT | E11: LRT | I11: =VLOOKUP(A11,$T$5:$W$279,4,0) -> 4523 | J11: 3957 | K11: 337 | L11: 1141 | M11: =SUM(J11:L11) -> 5435 | Q11: =M11-I11 -> 912 | R11: =Q11/I11 -> 0.20163608 | T11: Green-D&T | U11: Green Line D | V11: 4 | W11: 0 | X11: Green-D | Y11: LRT
A12: Green-B&T | B12: Green Line B | C12: Green-B | D12: MBTA LRT | E12: LRT | I12: =VLOOKUP(A12,$T$5:$W$279,4,0) -> 113376 | J12: 40261 | K12: 1852 | L12: 2401 | M12: =SUM(J12:L12) -> 44514 | Q12: =SUM(M12:M15)-I12 -> 21789 | R12: =Q12/I12 -> 0.19218353 | T12: Green-E&T | U12: Green Line E | V12: 4 | W12: 0 | X12: Green-E | Y12: LRT
A13: Green-C&T | B13: Green Line C | C13: Green-C | D13: MBTA LRT | E13: LRT | I13: =VLOOKUP(A13,$T$5:$W$279,4,0) -> 0 | J13: 19541 | K13: 1057 | L13: 1502 | M13: =SUM(J13:L13) -> 22100 | T13: Blue&T | U13: Blue Line | V13: 8 | W13: 47213 | X13: Blue | Y13: HR
A14: Green-D&T | B14: Green Line D | C14: Green-D | D14: MBTA LRT | E14: LRT | I14: =VLOOKUP(A14,$T$5:$W$279,4,0) -> 0 | J14: 27763 | K14: 2150 | L14: 4532 | M14: =SUM(J14:L14) -> 34445 | T14: 741&T | U14: Logan Airport Terminals - South Station | V14: 9 | W14: 6310 | X14: 741 | Y14: MBTA SL Bus
A15: Green-E&T | B15: Green Line E | C15: Green-E | D15: MBTA LRT | E15: LRT | I15: =VLOOKUP(A15,$T$5:$W$279,4,0) -> 0 | J15: 28753 | K15: 1964 | L15: 3389 | M15: =SUM(J15:L15) -> 34106 | T15: 742&T | U15: Design Center - South Station | V15: 10 | W15: 3501 | X15: 742 | Y15: MBTA SL Bus
A16: CR-Fairmount&T | B16: Fairmount Line | C16: CR-Fairmount | D16: MBTA Commuter Rail | E16: CR | I16: =VLOOKUP(A16,$T$5:$W$279,4,0) -> 5044 | J16: 10120 | K16: 1135 | L16: 706 | M16: =SUM(J16:L16) -> 11961 | Q16: =M16-I16 -> 6917 | R16: =Q16/I16 -> 1.3713323 | T16: 743&T | U16: Chelsea Station - South Station | V16: 11 | W16: 9569 | X16: 743 | Y16: MBTA SL Bus
A17: CR-Fitchburg&T | B17: Fitchburg Line | C17: CR-Fitchburg | D17: MBTA Commuter Rail | E17: CR | I17: =VLOOKUP(A17,$T$5:$W$279,4,0) -> 7319 | J17: 7440 | K17: 2547 | L17: 12056 | M17: =SUM(J17:L17) -> 22043 | Q17: =M17-I17 -> 14724 | R17: =Q17/I17 -> 2.0117502 | T17: 751&T | U17: Nubian Station - South Station | V17: 12 | W17: 4618 | X17: 751 | Y17: MBTA SL Bus
A18: CR-Worcester&T | B18: Framingham/Worcester Line | C18: CR-Worcester | D18: MBTA Commuter Rail | E18: CR | I18: =VLOOKUP(A18,$T$5:$W$279,4,0) -> 17120 | J18: 17731 | K18: 5160 | L18: 11116 | M18: =SUM(J18:L18) -> 34007 | Q18: =M18-I18 -> 16887 | R18: =Q18/I18 -> 0.98639019 | T18: 749&T | U18: Nubian Station - Temple Place | V18: 13 | W18: 8333 | X18: 749 | Y18: MBTA SL Bus
A19: CR-Franklin&T | B19: Franklin/Foxboro Line | C19: CR-Franklin | D19: MBTA Commuter Rail | E19: CR | I19: =VLOOKUP(A19,$T$5:$W$279,4,0) -> 11914 | J19: 3883 | K19: 1063 | L19: 7663 | M19: =SUM(J19:L19) -> 12609 | Q19: =M19-I19 -> 695 | R19: =Q19/I19 -> 0.058334732 | T19: 746&T | U19: Silver Line Way - South Station | V19: 14 | W19: 905 | X19: 746 | Y19: MBTA SL Bus
A20: CR-Greenbush&T | B20: Greenbush Line | C20: CR-Greenbush | D20: MBTA Commuter Rail | E20: CR | I20: =VLOOKUP(A20,$T$5:$W$279,4,0) -> 4286 | J20: 1072 | K20: 258 | L20: 4965 | M20: =SUM(J20:L20) -> 6295 | Q20: =M20-I20 -> 2009 | R20: =Q20/I20 -> 0.46873542 | T20: CR-Fairmount&T | U20: Fairmount Line | V20: 15 | W20: 5044 | X20: CR-Fairmount | Y20: CR
A21: CR-Haverhill&T | B21: Haverhill Line | C21: CR-Haverhill | D21: MBTA Commuter Rail | E21: CR | I21: =VLOOKUP(A21,$T$5:$W$279,4,0) -> 4418 | J21: 3787 | K21: 719 | L21: 7547 | M21: =SUM(J21:L21) -> 12053 | Q21: =M21-I21 -> 7635 | R21: =Q21/I21 -> 1.7281575 | T21: CR-Fitchburg&T | U21: Fitchburg Line | V21: 16 | W21: 7319 | X21: CR-Fitchburg | Y21: CR
A22: CR-Kingston&T | B22: Kingston Line | C22: CR-Kingston | D22: MBTA Commuter Rail | E22: CR | I22: =VLOOKUP(A22,$T$5:$W$279,4,0) -> 6084 | J22: 625 | K22: 450 | L22: 7066 | M22: =SUM(J22:L22) -> 8141 | Q22: =M22-I22 -> 2057 | R22: =Q22/I22 -> 0.33809993 | T22: CR-Worcester&T | U22: Framingham/Worcester Line | V22: 17 | W22: 17120 | X22: CR-Worcester | Y22: CR
A23: CR-Lowell&T | B23: Lowell Line | C23: CR-Lowell | D23: MBTA Commuter Rail | E23: CR | I23: =VLOOKUP(A23,$T$5:$W$279,4,0) -> 7215 | J23: 2406 | K23: 645 | L23: 7172 | M23: =SUM(J23:L23) -> 10223 | Q23: =M23-I23 -> 3008 | R23: =Q23/I23 -> 0.41690922 | T23: CR-Franklin&T | U23: Franklin/Foxboro Line | V23: 18 | W23: 11914 | X23: CR-Franklin | Y23: CR
A24: CR-Middleborough&T | B24: Middleborough/Lakeville Line | C24: CR-Middleborough | D24: MBTA Commuter Rail | E24: CR | I24: =VLOOKUP(A24,$T$5:$W$279,4,0) -> 7641 | J24: 4081 | K24: 839 | L24: 2755 | M24: =SUM(J24:L24) -> 7675 | Q24: =M24-I24 -> 34 | R24: =Q24/I24 -> 0.0044496794 | T24: CR-Greenbush&T | U24: Greenbush Line | V24: 19 | W24: 4286 | X24: CR-Greenbush | Y24: CR
A25: CR-Needham&T | B25: Needham Line | C25: CR-Needham | D25: MBTA Commuter Rail | E25: CR | I25: =VLOOKUP(A25,$T$5:$W$279,4,0) -> 6948 | J25: 6657 | K25: 625 | L25: 1679 | M25: =SUM(J25:L25) -> 8961 | Q25: =M25-I25 -> 2013 | R25: =Q25/I25 -> 0.28972366 | T25: CR-Haverhill&T | U25: Haverhill Line | V25: 20 | W25: 4418 | X25: CR-Haverhill | Y25: CR
A26: CR-Newburyport&T | B26: Newburyport/Rockport Line | C26: CR-Newburyport | D26: MBTA Commuter Rail | E26: CR | I26: =VLOOKUP(A26,$T$5:$W$279,4,0) -> 11907 | J26: 10468 | K26: 1447 | L26: 8220 | M26: =SUM(J26:L26) -> 20135 | Q26: =M26-I26 -> 8228 | R26: =Q26/I26 -> 0.69102209 | T26: CR-Kingston&T | U26: Kingston Line | V26: 21 | W26: 6084 | X26: CR-Kingston | Y26: CR
A27: CR-Providence&T | B27: Providence/Stoughton Line | C27: CR-Providence | D27: MBTA Commuter Rail | E27: CR | I27: =VLOOKUP(A27,$T$5:$W$279,4,0) -> 21859 | J27: 5694 | K27: 3913 | L27: 15987 | M27: =SUM(J27:L27) -> 25594 | Q27: =M27-I27 -> 3735 | R27: =Q27/I27 -> 0.17086783 | T27: CR-Lowell&T | U27: Lowell Line | V27: 22 | W27: 7215 | X27: CR-Lowell | Y27: CR
A28: CR-Foxboro&T | B28: Foxboro Event Service | C28: CR-Foxboro | D28: MBTA Commuter Rail | E28: CR | I28: =VLOOKUP(A28,$T$5:$W$279,4,0) -> 0 | M28: =SUM(J28:L28) -> 0 | Q28: =M28-I28 -> 0 | R28: =Q28/I28 -> #DIV/0! | T28: CR-Middleborough&T | U28: Middleborough/Lakeville Line | V28: 23 | W28: 7641 | X28: CR-Middleborough | Y28: CR
A29: CapeFlyer&T | B29: CapeFLYER | C29: CapeFlyer | D29: MBTA Commuter Rail | E29: CR | I29: =VLOOKUP(A29,$T$5:$W$279,4,0) -> 0 | M29: =SUM(J29:L29) -> 0 | Q29: =M29-I29 -> 0 | R29: =Q29/I29 -> #DIV/0! | T29: CR-Needham&T | U29: Needham Line | V29: 24 | W29: 6948 | X29: CR-Needham | Y29: CR
A30: Boat-F4&T | B30: Charlestown Ferry | C30: Boat-F4 | D30: MBTA Ferry | E30: Ferry | I30: =VLOOKUP(A30,$T$5:$W$279,4,0) -> 1089 | J30: 1219 | K30: 93 | L30: 4 | M30: =SUM(J30:L30) -> 1316 | Q30: =M30-I30 -> 227 | R30: =Q30/I30 -> 0.20844812 | T30: CR-Newburyport&T | U30: Newburyport/Rockport Line | V30: 25 | W30: 11907 | X30: CR-Newburyport | Y30: CR
A31: Boat-F1&T | B31: Hingham/Hull Ferry | C31: Boat-F1 | D31: MBTA Ferry | E31: Ferry | I31: =VLOOKUP(A31,$T$5:$W$279,4,0) -> 3625 | J31: 40 | K31: 70 | L31: 1876 | M31: =SUM(J31:L31) -> 1986 | Q31: =M31-I31 -> -1639 | R31: =Q31/I31 -> -0.45213793 | T31: CR-Providence&T | U31: Providence/Stoughton Line | V31: 26 | W31: 21859 | X31: CR-Providence | Y31: CR
A32: Boat-EastBoston&T | B32: East Boston Ferry | C32: Boat-EastBoston | D32: MBTA Ferry | E32: Ferry | I32: =VLOOKUP(A32,$T$5:$W$279,4,0) -> 283 | J32: 0 | K32: 0 | L32: 0 | M32: =SUM(J32:L32) -> 0 | Q32: =M32-I32 -> -283 | R32: =Q32/I32 -> -1 | T32: CR-Foxboro&T | U32: Foxboro Event Service | V32: 27 | W32: 0 | X32: CR-Foxboro | Y32: CR
A33: Boat-Lynn&T | B33: Lynn Ferry | C33: Boat-Lynn | D33: MBTA Ferry | E33: Ferry | I33: =VLOOKUP(A33,$T$5:$W$279,4,0) -> 189 | J33: 7 | K33: 21 | L33: 0 | M33: =SUM(J33:L33) -> 28 | Q33: =M33-I33 -> -161 | R33: =Q33/I33 -> -0.85185185 | T33: CapeFlyer&T | U33: CapeFLYER | V33: 28 | W33: 0 | X33: CapeFlyer | Y33: CR
A34: Boat-F6&T | B34: Winthrop/Quincy Ferry | C34: Boat-F6 | D34: MBTA Ferry | E34: Ferry | I34: =VLOOKUP(A34,$T$5:$W$279,4,0) -> 224 | J34: 168 | K34: 14 | L34: 10 | M34: =SUM(J34:L34) -> 192 | Q34: =M34-I34 -> -32 | R34: =Q34/I34 -> -0.14285714 | T34: Boat-F4&T | U34: Charlestown Ferry | V34: 29 | W34: 1089 | X34: Boat-F4 | Y34: Ferry
A35: 741&T | B35: Logan Airport Terminals - South Station | C35: 741 | D35: MBTA Key Bus (SL) | E35: Silver Line | I35: =VLOOKUP(A35,$T$5:$W$279,4,0) -> 6310 | J35: 11722 | K35: 527 | L35: 901 | M35: =SUM(J35:L35) -> 13150 | Q35: =M35-I35 -> 6840 | R35: =Q35/I35 -> 1.0839937 | T35: Boat-F1&T | U35: Hingham/Hull Ferry | V35: 30 | W35: 3625 | X35: Boat-F1 | Y35: Ferry
A36: 742&T | B36: Design Center - South Station | C36: 742 | D36: MBTA Key Bus (SL) | E36: Silver Line | I36: =VLOOKUP(A36,$T$5:$W$279,4,0) -> 3501 | J36: 12171 | K36: 248 | L36: 900 | M36: =SUM(J36:L36) -> 13319 | Q36: =M36-I36 -> 9818 | R36: =Q36/I36 -> 2.8043416 | T36: Boat-EastBoston&T | U36: East Boston Ferry | V36: 31 | W36: 283 | X36: Boat-EastBoston | Y36: Ferry
A37: 743&T | B37: Chelsea Station - South Station | C37: 743 | D37: MBTA Key Bus (SL) | E37: Silver Line | I37: =VLOOKUP(A37,$T$5:$W$279,4,0) -> 9569 | J37: 8979 | K37: 185 | L37: 896 | M37: =SUM(J37:L37) -> 10060 | Q37: =M37-I37 -> 491 | R37: =Q37/I37 -> 0.051311527 | T37: Boat-Lynn&T | U37: Lynn Ferry | V37: 32 | W37: 189 | X37: Boat-Lynn | Y37: Ferry
A38: 751&T | B38: Nubian Station - South Station | C38: 751 | D38: MBTA Key Bus (SL) | E38: Silver Line | I38: =VLOOKUP(A38,$T$5:$W$279,4,0) -> 4618 | J38: 0 | K38: 0 | L38: 0 | M38: =SUM(J38:L38) -> 0 | Q38: =M38-I38 -> -4618 | R38: =Q38/I38 -> -1 | T38: Boat-F6&T | U38: Winthrop/Quincy Ferry | V38: 33 | W38: 224 | X38: Boat-F6 | Y38: Ferry
A39: 749&T | B39: Nubian Station - Temple Place | C39: 749 | D39: MBTA Key Bus (SL) | E39: Silver Line | I39: =VLOOKUP(A39,$T$5:$W$279,4,0) -> 8333 | J39: 12945 | K39: 47 | L39: 102 | M39: =SUM(J39:L39) -> 13094 | Q39: =M39-I39 -> 4761 | R39: =Q39/I39 -> 0.57134285 | T39: 1&T | U39: Harvard Square - Nubian Station | V39: 34 | W39: 9490 | X39: 1 | Y39: MBTA Bus
A40: 746&T | B40: Silver Line Way - South Station | C40: 746 | D40: MBTA Key Bus (SL) | E40: Silver Line | I40: =VLOOKUP(A40,$T$5:$W$279,4,0) -> 905 | J40: 0 | K40: 0 | L40: 0 | M40: =SUM(J40:L40) -> 0 | Q40: =M40-I40 -> -905 | R40: =Q40/I40 -> -1 | T40: 4&T | U40: North Station - Design Center | V40: 35 | W40: 261 | X40: 4 | Y40: MBTA Bus
A41: 1&T | B41: Harvard Square - Nubian Station | C41: 1 | D41: MBTA Key Bus | E41: MBTA Key Bus | I41: =VLOOKUP(A41,$T$5:$W$279,4,0) -> 9490 | J41: 12024 | K41: 47 | L41: 105 | M41: =SUM(J41:L41) -> 12176 | Q41: =M41-I41 -> 2686 | R41: =Q41/I41 -> 0.28303477 | T41: 7&T | U41: City Point - Otis Street & Summer Street | V41: 36 | W41: 2869 | X41: 7 | Y41: MBTA Bus
A42: 15&T | B42: Fields Corner Station or St Peter's Square - Ruggles Station | C42: 15 | D42: MBTA Key Bus | E42: MBTA Key Bus | I42: =VLOOKUP(A42,$T$5:$W$279,4,0) -> 5538 | J42: 9334 | K42: 18 | L42: 23 | M42: =SUM(J42:L42) -> 9375 | Q42: =M42-I42 -> 3837 | R42: =Q42/I42 -> 0.6928494 | T42: 8&T | U42: Harbor Point - Kenmore Station | V42: 37 | W42: 2874 | X42: 8 | Y42: MBTA Bus
A43: 22&T | B43: Ashmont Station - Ruggles Station via Talbot Ave | C43: 22 | D43: MBTA Key Bus | E43: MBTA Key Bus | I43: =VLOOKUP(A43,$T$5:$W$279,4,0) -> 8045 | J43: 9149 | K43: 18 | L43: 20 | M43: =SUM(J43:L43) -> 9187 | Q43: =M43-I43 -> 1142 | R43: =Q43/I43 -> 0.14195152 | T43: 9&T | U43: City Point - Copley Square | V43: 38 | W43: 4975 | X43: 9 | Y43: MBTA Bus
A44: 23&T | B44: Ashmont Station - Ruggles Station via Washington Street | C44: 23 | D44: MBTA Key Bus | E44: MBTA Key Bus | I44: =VLOOKUP(A44,$T$5:$W$279,4,0) -> 11677 | J44: 22491 | K44: 125 | L44: 415 | M44: =SUM(J44:L44) -> 23031 | Q44: =M44-I44 -> 11354 | R44: =Q44/I44 -> 0.97233879 | T44: 10&T | U44: City Point - Copley Square | V44: 39 | W44: 2431 | X44: 10 | Y44: MBTA Bus
A45: 28&T | B45: Mattapan Station - Ruggles Station | C45: 28 | D45: MBTA Key Bus | E45: MBTA Key Bus | I45: =VLOOKUP(A45,$T$5:$W$279,4,0) -> 12216 | J45: 45929 | K45: 276 | L45: 472 | M45: =SUM(J45:L45) -> 46677 | Q45: =M45-I45 -> 34461 | R45: =Q45/I45 -> 2.8209725 | T45: 11&T | U45: City Point - Chauncy Street & Summer Street | V45: 40 | W45: 1634 | X45: 11 | Y45: MBTA Bus
A46: 32&T | B46: Wolcott or Cleary Square - Forest Hills Station | C46: 32 | D46: MBTA Key Bus | E46: MBTA Key Bus | I46: =VLOOKUP(A46,$T$5:$W$279,4,0) -> 7158 | J46: 8908 | K46: 66 | L46: 339 | M46: =SUM(J46:L46) -> 9313 | Q46: =M46-I46 -> 2155 | R46: =Q46/I46 -> 0.30106175 | T46: 14&T | U46: Roslindale Square - Heath Street | V46: 41 | W46: 1109 | X46: 14 | Y46: MBTA Bus
A47: 39&T | B47: Forest Hills Station - Back Bay Station | C47: 39 | D47: MBTA Key Bus | E47: MBTA Key Bus | I47: =VLOOKUP(A47,$T$5:$W$279,4,0) -> 9112 | J47: 8523 | K47: 40 | L47: 270 | M47: =SUM(J47:L47) -> 8833 | Q47: =M47-I47 -> -279 | R47: =Q47/I47 -> -0.030618964 | T47: 15&T | U47: Fields Corner Station or St Peter's Square - Ruggles Station | V47: 42 | W47: 5538 | X47: 15 | Y47: MBTA Bus
A48: 57&T | B48: Watertown Yard - Kenmore Station | C48: 57 | D48: MBTA Key Bus | E48: MBTA Key Bus | I48: =VLOOKUP(A48,$T$5:$W$279,4,0) -> 8729 | J48: 14547 | K48: 69 | L48: 103 | M48: =SUM(J48:L48) -> 14719 | Q48: =M48-I48 -> 5990 | R48: =Q48/I48 -> 0.68621835 | T48: 16&T | U48: Forest Hills Station - Andrew Station or Harbor Point | V48: 43 | W48: 6537 | X48: 16 | Y48: MBTA Bus
A49: 66&T | B49: Harvard Square - Nubian Station | C49: 66 | D49: MBTA Key Bus | E49: MBTA Key Bus | I49: =VLOOKUP(A49,$T$5:$W$279,4,0) -> 12820 | J49: 11734 | K49: 39 | L49: 49 | M49: =SUM(J49:L49) -> 11822 | Q49: =M49-I49 -> -998 | R49: =Q49/I49 -> -0.077847114 | T49: 17&T | U49: Fields Corner Station - Andrew Station | V49: 44 | W49: 2023 | X49: 17 | Y49: MBTA Bus
A50: 71&T | B50: Watertown Square - Harvard Station | C50: 71 | D50: MBTA Key Bus | E50: MBTA Key Bus | I50: =VLOOKUP(A50,$T$5:$W$279,4,0) -> 2463 | J50: 4684 | K50: 85 | L50: 195 | M50: =SUM(J50:L50) -> 4964 | Q50: =M50-I50 -> 2501 | R50: =Q50/I50 -> 1.0154283 | T50: 18&T | U50: Ashmont Station - Andrew Station | V50: 45 | W50: 197 | X50: 18 | Y50: MBTA Bus
... A64: 7&T | B64: City Point - Otis Street & Summer Street | C64: 7 | D64: MBTA Bus | E64: MBTA Bus | I64: =VLOOKUP(A64,$T$5:$W$279,4,0) -> 2869 | J64: 29738 | K64: 624 | L64: 2282 | M64: =SUM(J64:L64) -> 32644 | Q64: =M64-I64 -> 29775 | R64: =Q64/I64 -> 10.378181 | T64: 34&T | U64: Dedham Square - Forest Hills Station | V64: 59 | W64: 5091 | X64: 34 | Y64: MBTA Bus
A65: 8&T | B65: Harbor Point - Kenmore Station | C65: 8 | D65: MBTA Bus | E65: MBTA Bus | I65: =VLOOKUP(A65,$T$5:$W$279,4,0) -> 2874 | J65: 7888 | K65: 33 | L65: 45 | M65: =SUM(J65:L65) -> 7966 | Q65: =M65-I65 -> 5092 | R65: =Q65/I65 -> 1.7717467 | T65: 34E&T | U65: Walpole Center - Forest Hills Station | V65: 59 | W65: 0 | X65: 34E | Y65: MBTA Bus
A66: 9&T | B66: City Point - Copley Square | C66: 9 | D66: MBTA Bus | E66: MBTA Bus | I66: =VLOOKUP(A66,$T$5:$W$279,4,0) -> 4975 | J66: 6754 | K66: 35 | L66: 40 | M66: =SUM(J66:L66) -> 6829 | Q66: =M66-I66 -> 1854 | R66: =Q66/I66 -> 0.37266332 | T66: 35&T | U66: Dedham Mall or Stimson Street - Forest Hills Station | V66: 61 | W66: 1596 | X66: 35 | Y66: MBTA Bus
A67: 10&T | B67: City Point - Copley Square | C67: 10 | D67: MBTA Bus | E67: MBTA Bus | I67: =VLOOKUP(A67,$T$5:$W$279,4,0) -> 2431 | J67: 990 | K67: 6 | L67: 4 | M67: =SUM(J67:L67) -> 1000 | Q67: =M67-I67 -> -1431 | R67: =Q67/I67 -> -0.58864665 | T67: 36&T | U67: Millennium Park or VA Hospital - Forest Hills Station | V67: 62 | W67: 2089 | X67: 36 | Y67: MBTA Bus
A68: 11&T | B68: City Point - Chauncy Street & Summer Street | C68: 11 | D68: MBTA Bus | E68: MBTA Bus | I68: =VLOOKUP(A68,$T$5:$W$279,4,0) -> 1634 | J68: 1346 | K68: 4 | L68: 1 | M68: =SUM(J68:L68) -> 1351 | Q68: =M68-I68 -> -283 | R68: =Q68/I68 -> -0.17319461 | T68: 37&T | U68: Baker Street & Vermont Street - Forest Hills Station | V68: 63 | W68: 956 | X68: 37 | Y68: MBTA Bus
A69: 14&T | B69: Roslindale Square - Heath Street | C69: 14 | D69: MBTA Bus | E69: MBTA Bus | I69: =VLOOKUP(A69,$T$5:$W$279,4,0) -> 1109 | J69: 777 | K69: 6 | L69: 10 | M69: =SUM(J69:L69) -> 793 | Q69: =M69-I69 -> -316 | R69: =Q69/I69 -> -0.28494139 | T69: 38&T | U69: Wren Street - Forest Hills Station | V69: 64 | W69: 633 | X69: 38 | Y69: MBTA Bus
A70: 16&T | B70: Forest Hills Station - Andrew Station or Harbor Point | C70: 16 | D70: MBTA Bus | E70: MBTA Bus | I70: =VLOOKUP(A70,$T$5:$W$279,4,0) -> 6537 | J70: 9717 | K70: 30 | L70: 81 | M70: =SUM(J70:L70) -> 9828 | Q70: =M70-I70 -> 3291 | R70: =Q70/I70 -> 0.50344195 | T70: 39&T | U70: Forest Hills Station - Back Bay Station | V70: 65 | W70: 9112 | X70: 39 | Y70: MBTA Bus
A71: 17&T | B71: Fields Corner Station - Andrew Station | C71: 17 | D71: MBTA Bus | E71: MBTA Bus | I71: =VLOOKUP(A71,$T$5:$W$279,4,0) -> 2023 | J71: 807 | K71: 1 | L71: 1 | M71: =SUM(J71:L71) -> 809 | Q71: =M71-I71 -> -1214 | R71: =Q71/I71 -> -0.60009886 | T71: 40&T | U71: Georgetowne - Forest Hills Station | V71: 66 | W71: 1182 | X71: 40 | Y71: MBTA Bus
A72: 18&T | B72: Ashmont Station - Andrew Station | C72: 18 | D72: MBTA Bus | E72: MBTA Bus | I72: =VLOOKUP(A72,$T$5:$W$279,4,0) -> 197 | J72: 171 | K72: 1 | L72: 1 | M72: =SUM(J72:L72) -> 173 | Q72: =M72-I72 -> -24 | R72: =Q72/I72 -> -0.12182741 | T72: 4050&T | U72: Georgetowne - Forest Hills Station | V72: 67 | W72: 0 | X72: 4050 | Y72: MBTA Bus
A73: 19&T | B73: Fields Corner Station - Kenmore or Ruggles Station | C73: 19 | D73: MBTA Bus | E73: MBTA Bus | I73: =VLOOKUP(A73,$T$5:$W$279,4,0) -> 2760 | J73: 438 | K73: 0 | L73: 12 | M73: =SUM(J73:L73) -> 450 | Q73: =M73-I73 -> -2310 | R73: =Q73/I73 -> -0.83695652 | T73: 41&T | U73: Centre Street & Eliot Street - JFK/UMass Station | V73: 68 | W73: 1411 | X73: 41 | Y73: MBTA Bus
A74: 21&T | B74: Ashmont Station - Forest Hills Station | C74: 21 | D74: MBTA Bus | E74: MBTA Bus | I74: =VLOOKUP(A74,$T$5:$W$279,4,0) -> 4494 | J74: 3704 | K74: 18 | L74: 21 | M74: =SUM(J74:L74) -> 3743 | Q74: =M74-I74 -> -751 | R74: =Q74/I74 -> -0.1671117 | T74: 42&T | U74: Forest Hills Station - Nubian Station | V74: 69 | W74: 2110 | X74: 42 | Y74: MBTA Bus
A75: 24&T | B75: Wakefield Avenue & Truman Parkway - Ashmont Station | C75: 24 | D75: MBTA Bus | E75: MBTA Bus | I75: =VLOOKUP(A75,$T$5:$W$279,4,0) -> 2211 | J75: 4464 | K75: 47 | L75: 126 | M75: =SUM(J75:L75) -> 4637 | Q75: =M75-I75 -> 2426 | R75: =Q75/I75 -> 1.0972411 | T75: 43&T | U75: Ruggles Station - Park Street Station | V75: 70 | W75: 335 | X75: 43 | Y75: MBTA Bus
A76: 26&T | B76: Ashmont Station - Norfolk Street Loop | C76: 26 | D76: MBTA Bus | E76: MBTA Bus | I76: =VLOOKUP(A76,$T$5:$W$279,4,0) -> 718 | J76: 895 | K76: 1 | L76: 1 | M76: =SUM(J76:L76) -> 897 | Q76: =M76-I76 -> 179 | R76: =Q76/I76 -> 0.24930362 | T76: 44&T | U76: Jackson Square Station - Ruggles Station | V76: 71 | W76: 2660 | X76: 44 | Y76: MBTA Bus
A77: 29&T | B77: Mattapan Station - Jackson Square Station | C77: 29 | D77: MBTA Bus | E77: MBTA Bus | I77: =VLOOKUP(A77,$T$5:$W$279,4,0) -> 1251 | J77: 218 | K77: 4 | L77: 3 | M77: =SUM(J77:L77) -> 225 | Q77: =M77-I77 -> -1026 | R77: =Q77/I77 -> -0.82014388 | T77: 45&T | U77: Franklin Park - Ruggles Station | V77: 72 | W77: 1926 | X77: 45 | Y77: MBTA Bus
... A82: 34&T | B82: Dedham Square - Forest Hills Station | C82: 34 | D82: MBTA Bus | E82: MBTA Bus | I82: =VLOOKUP(A82,$T$5:$W$279,4,0) -> 5091 | J82: 2718 | K82: 35 | L82: 19 | M82: =SUM(J82:L82) -> 2772 | Q82: =M82-I82 -> -2319 | R82: =Q82/I82 -> -0.45550972 | T82: 55&T | U82: West Fenway - Copley Square | V82: 77 | W82: 80 | X82: 55 | Y82: MBTA Bus
A83: 34E&T | B83: Walpole Center - Forest Hills Station | C83: 34E | D83: MBTA Bus | E83: MBTA Bus | I83: =VLOOKUP(A83,$T$5:$W$279,4,0) -> 0 | J83: 3476 | K83: 70 | L83: 323 | M83: =SUM(J83:L83) -> 3869 | Q83: =M83-I83 -> 3869 | R83: =Q83/I83 -> #DIV/0! | T83: 57&T | U83: Watertown Yard - Kenmore Station | V83: 78 | W83: 8729 | X83: 57 | Y83: MBTA Bus
A84: 35&T | B84: Dedham Mall or Stimson Street - Forest Hills Station | C84: 35 | D84: MBTA Bus | E84: MBTA Bus | I84: =VLOOKUP(A84,$T$5:$W$279,4,0) -> 1596 | J84: 2385 | K84: 21 | L84: 123 | M84: =SUM(J84:L84) -> 2529 | Q84: =M84-I84 -> 933 | R84: =Q84/I84 -> 0.58458647 | T84: 59&T | U84: Needham Junction - Watertown Square | V84: 79 | W84: 990 | X84: 59 | Y84: MBTA Bus
A85: 36&T | B85: Millennium Park or VA Hospital - Forest Hills Station | C85: 36 | D85: MBTA Bus | E85: MBTA Bus | I85: =VLOOKUP(A85,$T$5:$W$279,4,0) -> 2089 | J85: 2703 | K85: 31 | L85: 116 | M85: =SUM(J85:L85) -> 2850 | Q85: =M85-I85 -> 761 | R85: =Q85/I85 -> 0.36428913 | T85: 60&T | U85: Chestnut Hill - Kenmore Station | V85: 80 | W85: 971 | X85: 60 | Y85: MBTA Bus
A86: 37&T | B86: Baker Street & Vermont Street - Forest Hills Station | C86: 37 | D86: MBTA Bus | E86: MBTA Bus | I86: =VLOOKUP(A86,$T$5:$W$279,4,0) -> 956 | J86: 0 | K86: 0 | L86: 0 | M86: =SUM(J86:L86) -> 0 | Q86: =M86-I86 -> -956 | R86: =Q86/I86 -> -1 | T86: 61&T | U86: North Waltham - Waltham Center | V86: 81 | W86: 388 | X86: 61 | Y86: MBTA Bus
A87: 38&T | B87: Wren Street - Forest Hills Station | C87: 38 | D87: MBTA Bus | E87: MBTA Bus | I87: =VLOOKUP(A87,$T$5:$W$279,4,0) -> 633 | J87: 1447 | K87: 13 | L87: 72 | M87: =SUM(J87:L87) -> 1532 | Q87: =M87-I87 -> 899 | R87: =Q87/I87 -> 1.4202212 | T87: 62&T | U87: Bedford VA Hospital - Alewife Station | V87: 82 | W87: 745 | X87: 62 | Y87: MBTA Bus
A88: 40&T | B88: Georgetowne - Forest Hills Station | C88: 40 | D88: MBTA Bus | E88: MBTA Bus | I88: =VLOOKUP(A88,$T$5:$W$279,4,0) -> 1182 | J88: 1354 | K88: 7 | L88: 5 | M88: =SUM(J88:L88) -> 1366 | Q88: =M88-I88 -> 184 | R88: =Q88/I88 -> 0.15566836 | T88: 627&T | U88: Bedford VA Hospital - Alewife Station via Hanscom Airport | V88: 82 | W88: 0 | X88: 6276 | Y88: MBTA Bus
A89: 4050&T | B89: Georgetowne - Forest Hills Station | C89: 4050 | D89: MBTA Bus | E89: MBTA Bus | I89: =VLOOKUP(A89,$T$5:$W$279,4,0) -> 0 | J89: 0 | K89: 0 | L89: 0 | M89: =SUM(J89:L89) -> 0 | Q89: =M89-I89 -> 0 | R89: =Q89/I89 -> #DIV/0! | T89: 64&T | U89: Oak Square - University Park or Kendall/MIT Station | V89: 84 | W89: 1488 | X89: 64 | Y89: MBTA Bus
A90: 41&T | B90: Centre Street & Eliot Street - JFK/UMass Station | C90: 41 | D90: MBTA Bus | E90: MBTA Bus | I90: =VLOOKUP(A90,$T$5:$W$279,4,0) -> 1411 | J90: 1176 | K90: 3 | L90: 0 | M90: =SUM(J90:L90) -> 1179 | Q90: =M90-I90 -> -232 | R90: =Q90/I90 -> -0.1644224 | T90: 65&T | U90: Brighton Center - Kenmore Station | V90: 85 | W90: 2531 | X90: 65 | Y90: MBTA Bus
A91: 42&T | B91: Forest Hills Station - Nubian Station | C91: 42 | D91: MBTA Bus | E91: MBTA Bus | I91: =VLOOKUP(A91,$T$5:$W$279,4,0) -> 2110 | J91: 4317 | K91: 11 | L91: 99 | M91: =SUM(J91:L91) -> 4427 | Q91: =M91-I91 -> 2317 | R91: =Q91/I91 -> 1.0981043 | T91: 66&T | U91: Harvard Square - Nubian Station | V91: 86 | W91: 12820 | X91: 66 | Y91: MBTA Bus
A92: 43&T | B92: Ruggles Station - Park Street Station | C92: 43 | D92: MBTA Bus | E92: MBTA Bus | I92: =VLOOKUP(A92,$T$5:$W$279,4,0) -> 335 | J92: 1045 | K92: 5 | L92: 1 | M92: =SUM(J92:L92) -> 1051 | Q92: =M92-I92 -> 716 | R92: =Q92/I92 -> 2.1373134 | T92: 67&T | U92: Turkey Hill - Alewife Station | V92: 87 | W92: 341 | X92: 67 | Y92: MBTA Bus
A93: 44&T | B93: Jackson Square Station - Ruggles Station | C93: 44 | D93: MBTA Bus | E93: MBTA Bus | I93: =VLOOKUP(A93,$T$5:$W$279,4,0) -> 2660 | J93: 1373 | K93: 4 | L93: 0 | M93: =SUM(J93:L93) -> 1377 | Q93: =M93-I93 -> -1283 | R93: =Q93/I93 -> -0.48233083 | T93: 68&T | U93: Harvard Square - Kendall/MIT Station | V93: 88 | W93: 381 | X93: 68 | Y93: MBTA Bus
A94: 45&T | B94: Franklin Park - Ruggles Station | C94: 45 | D94: MBTA Bus | E94: MBTA Bus | I94: =VLOOKUP(A94,$T$5:$W$279,4,0) -> 1926 | J94: 159 | K94: 1 | L94: 1 | M94: =SUM(J94:L94) -> 161 | Q94: =M94-I94 -> -1765 | R94: =Q94/I94 -> -0.91640706 | T94: 69&T | U94: Harvard Square - Lechmere Station | V94: 89 | W94: 2173 | X94: 69 | Y94: MBTA Bus
A95: 47&T | B95: Central Square, Cambridge - Broadway Station | C95: 47 | D95: MBTA Bus | E95: MBTA Bus | I95: =VLOOKUP(A95,$T$5:$W$279,4,0) -> 4466 | J95: 7162 | K95: 35 | L95: 36 | M95: =SUM(J95:L95) -> 7233 | Q95: =M95-I95 -> 2767 | R95: =Q95/I95 -> 0.61957009 | T95: 70&T | U95: Market Place Drive or Waltham Center - University Park | V95: 90 | W95: 5274 | X95: 70 | Y95: MBTA Bus
... A149: 171&T | B149: Logan Airport Terminals - Nubian Station | C149: 171 | D149: MBTA Bus | E149: MBTA Bus | I149: =VLOOKUP(A149,$T$5:$W$279,4,0) -> 20 | J149: 0 | K149: 0 | L149: 0 | M149: =SUM(J149:L149) -> 0 | Q149: =M149-I149 -> -20 | R149: =Q149/I149 -> -1 | T149: 220&T | U149: Hingham Depot - Quincy Center Station | V149: 144 | W149: 1121 | X149: 220 | Y149: MBTA Bus
A150: 195&T | B150: Lemuel Shattuck Hospital - Park Street & Tremont Street | C150: 195 | D150: MBTA Bus | E150: MBTA Bus | I150: =VLOOKUP(A150,$T$5:$W$279,4,0) -> 0 | M150: =SUM(J150:L150) -> 0 | Q150: =M150-I150 -> 0 | R150: =Q150/I150 -> #DIV/0! | T150: 222&T | U150: East Weymouth - Quincy Center Station | V150: 145 | W150: 953 | X150: 222 | Y150: MBTA Bus
A151: 201&T | B151: Fields Corner Loop via Neponset Ave | C151: 201 | D151: MBTA Bus | E151: MBTA Bus | I151: =VLOOKUP(A151,$T$5:$W$279,4,0) -> 490 | J151: 223 | K151: 1 | L151: 0 | M151: =SUM(J151:L151) -> 224 | Q151: =M151-I151 -> -266 | R151: =Q151/I151 -> -0.54285714 | T151: 225&T | U151: Weymouth Landing - Quincy Center Station | V151: 146 | W151: 1370 | X151: 225 | Y151: MBTA Bus
A152: 202&T | B152: Fields Corner Loop via Adams Street | C152: 202 | D152: MBTA Bus | E152: MBTA Bus | I152: =VLOOKUP(A152,$T$5:$W$279,4,0) -> 134 | J152: 449 | K152: 2 | L152: 0 | M152: =SUM(J152:L152) -> 451 | Q152: =M152-I152 -> 317 | R152: =Q152/I152 -> 2.3656716 | T152: 226&T | U152: Columbian Square - Braintree Station | V152: 147 | W152: 551 | X152: 226 | Y152: MBTA Bus
A153: 210&T | B153: Quincy Center Station - Fields Corner Station | C153: 210 | D153: MBTA Bus | E153: MBTA Bus | I153: =VLOOKUP(A153,$T$5:$W$279,4,0) -> 826 | J153: 1104 | K153: 3 | L153: 27 | M153: =SUM(J153:L153) -> 1134 | Q153: =M153-I153 -> 308 | R153: =Q153/I153 -> 0.37288136 | T153: 230&T | U153: Montello Station - Quincy Center Station | V153: 148 | W153: 837 | X153: 230 | Y153: MBTA Bus
A154: 211&T | B154: Quincy Center Station - Squantum | C154: 211 | D154: MBTA Bus | E154: MBTA Bus | I154: =VLOOKUP(A154,$T$5:$W$279,4,0) -> 631 | J154: 1285 | K154: 7 | L154: 36 | M154: =SUM(J154:L154) -> 1328 | Q154: =M154-I154 -> 697 | R154: =Q154/I154 -> 1.1045959 | T154: 236&T | U154: South Shore Plaza - Quincy Center Station | V154: 149 | W154: 395 | X154: 236 | Y154: MBTA Bus
A155: 215&T | B155: Quincy Center Station - Ashmont Station via West Quincy | C155: 215 | D155: MBTA Bus | E155: MBTA Bus | I155: =VLOOKUP(A155,$T$5:$W$279,4,0) -> 1406 | J155: 1722 | K155: 17 | L155: 39 | M155: =SUM(J155:L155) -> 1778 | Q155: =M155-I155 -> 372 | R155: =Q155/I155 -> 0.26458037 | T155: 238&T | U155: Holbrook/Randolph Station - Quincy Center Station | V155: 150 | W155: 1187 | X155: 238 | Y155: MBTA Bus
A156: 216&T | B156: Houghs Neck - Quincy Center Station via Germantown | C156: 216 | D156: MBTA Bus | E156: MBTA Bus | I156: =VLOOKUP(A156,$T$5:$W$279,4,0) -> 1486 | J156: 1291 | K156: 6 | L156: 3 | M156: =SUM(J156:L156) -> 1300 | Q156: =M156-I156 -> -186 | R156: =Q156/I156 -> -0.12516824 | T156: 240&T | U156: Avon Square - Ashmont Station | V156: 151 | W156: 2101 | X156: 240 | Y156: MBTA Bus
A157: 217&T | B157: Quincy Center Station - Ashmont Station via Wollaston Station | C157: 217 | D157: MBTA Bus | E157: MBTA Bus | I157: =VLOOKUP(A157,$T$5:$W$279,4,0) -> 233 | J157: 529 | K157: 4 | L157: 20 | M157: =SUM(J157:L157) -> 553 | Q157: =M157-I157 -> 320 | R157: =Q157/I157 -> 1.3733906 | T157: 245&T | U157: Quincy Center Station - Mattapan Station | V157: 152 | W157: 109 | X157: 245 | Y157: MBTA Bus
A158: 220&T | B158: Hingham Depot - Quincy Center Station | C158: 220 | D158: MBTA Bus | E158: MBTA Bus | I158: =VLOOKUP(A158,$T$5:$W$279,4,0) -> 1121 | J158: 766 | K158: 27 | L158: 791 | M158: =SUM(J158:L158) -> 1584 | Q158: =M158-I158 -> 463 | R158: =Q158/I158 -> 0.41302409 | T158: 350&T | U158: North Burlington - Alewife Station | V158: 153 | W158: 1173 | X158: 350 | Y158: MBTA Bus
A159: 222&T | B159: East Weymouth - Quincy Center Station | C159: 222 | D159: MBTA Bus | E159: MBTA Bus | I159: =VLOOKUP(A159,$T$5:$W$279,4,0) -> 953 | J159: 1372 | K159: 16 | L159: 2 | M159: =SUM(J159:L159) -> 1390 | Q159: =M159-I159 -> 437 | R159: =Q159/I159 -> 0.45855194 | T159: 351&T | U159: Bedford Woods Drive - Third Avenue | V159: 154 | W159: 25 | X159: 351 | Y159: MBTA Bus
A160: 225&T | B160: Weymouth Landing - Quincy Center Station | C160: 225 | D160: MBTA Bus | E160: MBTA Bus | I160: =VLOOKUP(A160,$T$5:$W$279,4,0) -> 1370 | J160: 0 | K160: 0 | L160: 0 | M160: =SUM(J160:L160) -> 0 | Q160: =M160-I160 -> -1370 | R160: =Q160/I160 -> -1 | T160: 354&T | U160: North Burlington - State Street- Boston | V160: 155 | W160: 659 | X160: 354 | Y160: MBTA Bus
A161: 226&T | B161: Columbian Square - Braintree Station | C161: 226 | D161: MBTA Bus | E161: MBTA Bus | I161: =VLOOKUP(A161,$T$5:$W$279,4,0) -> 551 | J161: 528 | K161: 8 | L161: 10 | M161: =SUM(J161:L161) -> 546 | Q161: =M161-I161 -> -5 | R161: =Q161/I161 -> -0.0090744102 | T161: 411&T | U161: Kennedy Drive or Jack Satter House - Malden Center Station | V161: 156 | W161: 1050 | X161: 411 | Y161: MBTA Bus
A162: 230&T | B162: Montello Station - Quincy Center Station | C162: 230 | D162: MBTA Bus | E162: MBTA Bus | I162: =VLOOKUP(A162,$T$5:$W$279,4,0) -> 837 | J162: 2611 | K162: 13 | L162: 12 | M162: =SUM(J162:L162) -> 2636 | Q162: =M162-I162 -> 1799 | R162: =Q162/I162 -> 2.1493429 | T162: 424&T | U162: Eastern Avenue & Essex Street - Wonderland Station | V162: 157 | W162: 312 | X162: 424 | Y162: MBTA Bus
... A189: 714&T | B189: Pemberton Point, Hull - Station Street, Hingham | C189: 714 | D189: MBTA Bus | E189: MBTA Bus | I189: =VLOOKUP(A189,$T$5:$W$279,4,0) -> 0 | J189: 105 | K189: 1 | L189: 0 | M189: =SUM(J189:L189) -> 106 | Q189: =M189-I189 -> 106 | R189: =Q189/I189 -> #DIV/0! | T189: 747&T | U189: Sullivan Square Station - Ruggles Station | V189: 184 | W189: 1774 | X189: 747 | Y189: MBTA Bus
A190: 716&T | B190: Cobbs Corner - Mattapan Station | C190: 716 | D190: MBTA Bus | E190: MBTA Bus | I190: =VLOOKUP(A190,$T$5:$W$279,4,0) -> 0 | J190: 171 | K190: 9 | L190: 4 | M190: =SUM(J190:L190) -> 184 | Q190: =M190-I190 -> 184 | R190: =Q190/I190 -> #DIV/0! | T190: Shuttle-AshmontBraintree&T | U190: Ashmont - Braintree | V190: 185 | W190: 0 | X190: Shuttle-AshmontBraintree | Y190: MBTA Bus
A191: 747&T | B191: Sullivan Square Station - Ruggles Station | C191: 747 | D191: MBTA Bus | E191: MBTA Bus | I191: =VLOOKUP(A191,$T$5:$W$279,4,0) -> 1774 | J191: 0 | K191: 0 | L191: 0 | M191: =SUM(J191:L191) -> 0 | Q191: =M191-I191 -> -1774 | R191: =Q191/I191 -> -1 | T191: 18741&C | U191: Washington St- Cherry St to GHS | V191: 190 | W191: 633 | X191: 18741 | Y191: CATA
A192: Shuttle-AshmontBraintree&T | B192: Ashmont - Braintree | C192: Shuttle-AshmontBraintree | D192: MBTA Bus | E192: MBTA Bus | I192: =VLOOKUP(A192,$T$5:$W$279,4,0) -> 0 | M192: =SUM(J192:L192) -> 0 | Q192: =M192-I192 -> 0 | R192: =Q192/I192 -> #DIV/0! | T192: 2848&C | U192: Gloucester - Rockport via Eastern Ave | V192: 190 | W192: 0 | X192: 2848 | Y192: CATA
A193: 18741&C | B193: Washington St, Cherry St to GHS | C193: 18741 | D193: CATA | E193: CATA Bus | I193: =VLOOKUP(A193,$T$5:$W$279,4,0) -> 633 | M193: =SUM(J193:L193) -> 0 | Q193: =SUM(M193:M213)-I193 -> 7 | R193: =Q193/I193 -> 0.011058452 | T193: 18720&C | U193: Beverly Commuter | V193: 190 | W193: 0 | X193: 18720 | Y193: CATA
A194: 2848&C | B194: Gloucester - Rockport via Eastern Ave | C194: 2848 | D194: CATA | E194: CATA Bus | I194: =VLOOKUP(A194,$T$5:$W$279,4,0) -> 0 | J194: 26 | K194: 0 | L194: 0 | M194: =SUM(J194:L194) -> 26 | T194: 2851&C | U194: Rockport Shuttle | V194: 190 | W194: 0 | X194: 2851 | Y194: CATA
A195: 18720&C | B195: Beverly Commuter | C195: 18720 | D195: CATA | E195: CATA Bus | I195: =VLOOKUP(A195,$T$5:$W$279,4,0) -> 0 | J195: 2 | K195: 0 | L195: 0 | M195: =SUM(J195:L195) -> 2 | T195: 2856&C | U195: Stage Fort Park Shuttle | V195: 190 | W195: 0 | X195: 2856 | Y195: CATA
A196: 2851&C | B196: Rockport Shuttle | C196: 2851 | D196: CATA | E196: CATA Bus | I196: =VLOOKUP(A196,$T$5:$W$279,4,0) -> 0 | M196: =SUM(J196:L196) -> 0 | T196: 3240&C | U196: Ipswich/Essex Explorer | V196: 190 | W196: 0 | X196: 3240 | Y196: CATA
A197: 2856&C | B197: Stage Fort Park Shuttle | C197: 2856 | D197: CATA | E197: CATA Bus | I197: =VLOOKUP(A197,$T$5:$W$279,4,0) -> 0 | M197: =SUM(J197:L197) -> 0 | T197: 18743&C | U197: Back Shore- Rocky Neck to GHS | V197: 190 | W197: 0 | X197: 18743 | Y197: CATA
A198: 3240&C | B198: Ipswich/Essex Explorer | C198: 3240 | D198: CATA | E198: CATA Bus | I198: =VLOOKUP(A198,$T$5:$W$279,4,0) -> 0 | M198: =SUM(J198:L198) -> 0 | T198: 18742&C | U198: Rockport- Lanesville- Washington St to GHS | V198: 190 | W198: 0 | X198: 18742 | Y198: CATA
...
